,PLAYER_ID,full_name,SEASON_ID,SEASON_EXP,TEAM_ID,TEAM_ABBREVIATION,PLAYER_AGE,POSITION,GP,GS,MIN,FGM,FGA,FG3M,FG3A,FTM,FTA,OREB,DREB,AST,STL,BLK,TOV,PF,PTS,is_active
79,1505,Tariq Abdul-Wahad,1997-98,7,1610612758,SAC,23.0,Forward-Guard,59,16.0,959.0,144,357,4.0,19.0,84,125,44.0,72.0,51,35.0,13.0,65.0,81,376,False
80,1505,Tariq Abdul-Wahad,1998-99,7,1610612758,SAC,24.0,Forward-Guard,49,49.0,1205.0,177,407,6.0,21.0,94,136,72.0,114.0,50,50.0,16.0,70.0,121,454,False
81,1505,Tariq Abdul-Wahad,1999-00,7,1610612753,ORL,25.0,Forward-Guard,46,46.0,1205.0,223,515,2.0,21.0,115,151,77.0,162.0,72,53.0,16.0,87.0,116,563,False
82,1505,Tariq Abdul-Wahad,1999-00,7,1610612743,DEN,25.0,Forward-Guard,15,10.0,373.0,51,131,1.0,2.0,31,42,24.0,28.0,26,6.0,12.0,19.0,31,134,False
83,1505,Tariq Abdul-Wahad,1999-00,7,0,TOT,25.0,Forward-Guard,61,56.0,1578.0,274,646,3.0,23.0,146,193,101.0,190.0,98,59.0,28.0,106.0,147,697,False
84,1505,Tariq Abdul-Wahad,2000-01,7,1610612743,DEN,26.0,Forward-Guard,29,12.0,421.0,43,111,4.0,10.0,21,36,14.0,45.0,22,14.0,13.0,34.0,54,111,False
85,1505,Tariq Abdul-Wahad,2001-02,7,1610612743,DEN,27.0,Forward-Guard,20,12.0,419.0,55,145,1.0,2.0,24,32,39.0,39.0,22,18.0,9.0,24.0,51,135,False
86,1505,Tariq Abdul-Wahad,2001-02,7,1610612742,DAL,27.0,Forward-Guard,4,0.0,24.0,0,2,0.0,0.0,0,1,2.0,4.0,2,2.0,1.0,3.0,5,0,False
87,1505,Tariq Abdul-Wahad,2001-02,7,0,TOT,27.0,Forward-Guard,24,12.0,442.0,55,147,1.0,2.0,24,33,41.0,43.0,24,20.0,10.0,27.0,56,135,False
88,1505,Tariq Abdul-Wahad,2002-03,7,1610612742,DAL,28.0,Forward-Guard,14,0.0,204.0,27,58,0.0,1.0,3,6,14.0,26.0,21,6.0,3.0,7.0,26,57,False
237,200772,Maurice Ager,2006-07,4,1610612742,DAL,23.0,Forward-Guard,32,1.0,214.0,22,70,5.0,15.0,20,33,1.0,20.0,7,4.0,3.0,15.0,27,69,False
238,200772,Maurice Ager,2007-08,4,1610612742,DAL,24.0,Forward-Guard,12,3.0,77.0,5,27,0.0,8.0,5,6,1.0,3.0,4,0.0,1.0,3.0,11,15,False
239,200772,Maurice Ager,2007-08,4,1610612751,NJN,24.0,Forward-Guard,14,0.0,88.0,16,38,3.0,11.0,1,6,3.0,6.0,4,0.0,0.0,3.0,6,36,False
240,200772,Maurice Ager,2007-08,4,0,TOT,24.0,Forward-Guard,26,3.0,165.0,21,65,3.0,19.0,6,12,4.0,9.0,8,0.0,1.0,6.0,17,51,False
241,200772,Maurice Ager,2008-09,4,1610612751,NJN,25.0,Forward-Guard,20,0.0,97.0,15,43,0.0,6.0,4,8,3.0,7.0,3,1.0,2.0,4.0,17,34,False
242,200772,Maurice Ager,2010-11,4,1610612750,MIN,27.0,Forward-Guard,4,0.0,29.0,6,11,3.0,4.0,0,0,0.0,2.0,1,1.0,0.0,4.0,4,15,False
545,101187,Alan Anderson,2005-06,9,1610612766,CHA,23.0,Forward-Guard,36,7.0,564.0,75,181,24.0,58.0,33,41,23.0,47.0,32,11.0,4.0,32.0,48,207,False
546,101187,Alan Anderson,2006-07,9,1610612766,CHA,24.0,Forward-Guard,17,0.0,256.0,37,81,5.0,20.0,19,23,11.0,21.0,21,7.0,0.0,22.0,33,98,False
547,101187,Alan Anderson,2011-12,9,1610612761,TOR,29.0,Forward-Guard,17,12.0,461.0,55,142,24.0,61.0,29,34,8.0,26.0,26,5.0,3.0,25.0,35,163,False
548,101187,Alan Anderson,2012-13,9,1610612761,TOR,30.0,Forward-Guard,65,2.0,1495.0,236,616,95.0,285.0,126,147,34.0,114.0,103,48.0,7.0,80.0,131,693,False
549,101187,Alan Anderson,2013-14,9,1610612751,BKN,31.0,Forward-Guard,78,26.0,1773.0,194,485,84.0,248.0,92,118,40.0,135.0,81,48.0,11.0,62.0,147,564,False
550,101187,Alan Anderson,2014-15,9,1610612751,BKN,32.0,Forward-Guard,74,19.0,1744.0,195,440,73.0,210.0,82,101,31.0,173.0,83,56.0,5.0,60.0,148,545,False
551,101187,Alan Anderson,2015-16,9,1610612764,WAS,33.0,Forward-Guard,13,0.0,192.0,21,59,12.0,37.0,11,15,1.0,26.0,14,4.0,1.0,2.0,25,65,False
552,101187,Alan Anderson,2016-17,9,1610612746,LAC,34.0,Forward-Guard,30,0.0,308.0,30,80,14.0,44.0,12,16,3.0,21.0,11,3.0,0.0,7.0,35,86,False
599,1626147,Justin Anderson,2015-16,5,1610612742,DAL,22.0,Forward-Guard,55,9.0,647.0,71,175,22.0,83.0,44,55,18.0,114.0,29,19.0,25.0,24.0,45,208,False
600,1626147,Justin Anderson,2016-17,5,1610612742,DAL,23.0,Forward-Guard,51,2.0,710.0,111,277,37.0,122.0,70,88,39.0,110.0,32,28.0,16.0,40.0,64,329,False
601,1626147,Justin Anderson,2016-17,5,1610612755,PHI,23.0,Forward-Guard,24,8.0,518.0,75,162,21.0,72.0,32,41,30.0,66.0,34,13.0,7.0,26.0,45,203,False
602,1626147,Justin Anderson,2016-17,5,0,TOT,23.0,Forward-Guard,75,10.0,1227.0,186,439,58.0,194.0,102,129,69.0,176.0,66,41.0,23.0,66.0,109,532,False
603,1626147,Justin Anderson,2017-18,5,1610612755,PHI,24.0,Forward-Guard,38,0.0,519.0,87,202,34.0,103.0,28,38,25.0,68.0,25,15.0,7.0,16.0,54,236,False
604,1626147,Justin Anderson,2018-19,5,1610612737,ATL,25.0,Forward-Guard,48,4.0,464.0,64,157,24.0,77.0,26,35,24.0,60.0,23,22.0,13.0,23.0,48,178,False
605,1626147,Justin Anderson,2019-20,5,1610612751,BKN,26.0,Forward-Guard,10,1.0,107.0,10,38,6.0,29.0,2,4,1.0,20.0,8,0.0,6.0,4.0,13,28,False
606,1626147,Justin Anderson,2021-22,5,1610612739,CLE,28.0,Forward-Guard,3,0.0,47.0,4,8,2.0,6.0,3,4,0.0,6.0,6,1.0,0.0,2.0,4,13,False
607,1626147,Justin Anderson,2021-22,5,1610612754,IND,28.0,Forward-Guard,13,6.0,269.0,32,87,13.0,53.0,12,15,4.0,36.0,27,7.0,6.0,6.0,18,89,False
608,1626147,Justin Anderson,2021-22,5,0,TOT,28.0,Forward-Guard,16,6.0,316.0,36,95,15.0,59.0,15,19,4.0,42.0,33,8.0,6.0,8.0,22,102,False
632,203937,Kyle Anderson,2014-15,7,1610612759,SAS,21.0,Forward-Guard,33,8.0,358.0,31,89,3.0,11.0,9,14,5.0,67.0,28,15.0,7.0,10.0,28,74,True
633,203937,Kyle Anderson,2015-16,7,1610612759,SAS,22.0,Forward-Guard,78,11.0,1245.0,138,295,12.0,37.0,62,83,25.0,219.0,123,60.0,29.0,59.0,97,350,True
634,203937,Kyle Anderson,2016-17,7,1610612759,SAS,23.0,Forward-Guard,72,14.0,1020.0,93,209,15.0,40.0,45,57,33.0,175.0,91,51.0,26.0,39.0,63,246,True
635,203937,Kyle Anderson,2017-18,7,1610612759,SAS,24.0,Forward-Guard,74,67.0,1978.0,231,438,19.0,57.0,104,146,84.0,312.0,202,115.0,60.0,94.0,114,585,True
636,203937,Kyle Anderson,2018-19,7,1610612763,MEM,25.0,Forward-Guard,43,40.0,1282.0,150,276,9.0,34.0,37,64,48.0,203.0,128,54.0,37.0,58.0,112,346,True
637,203937,Kyle Anderson,2019-20,7,1610612763,MEM,26.0,Forward-Guard,67,28.0,1330.0,157,331,24.0,85.0,52,78,58.0,227.0,162,54.0,37.0,66.0,111,390,True
638,203937,Kyle Anderson,2020-21,7,1610612763,MEM,27.0,Forward-Guard,69,69.0,1887.0,308,658,94.0,261.0,144,184,52.0,344.0,250,84.0,57.0,86.0,120,854,True
639,203937,Kyle Anderson,2021-22,7,1610612763,MEM,28.0,Forward-Guard,69,11.0,1484.0,209,469,36.0,109.0,67,105,69.0,299.0,183,77.0,45.0,71.0,108,521,True
649,98,Nick Anderson,1992-93,14,1610612753,ORL,25.0,Forward-Guard,79,76.0,2920.0,594,1324,88.0,249.0,298,402,122.0,355.0,265,128.0,56.0,164.0,200,1574,False
650,98,Nick Anderson,1993-94,14,1610612753,ORL,26.0,Forward-Guard,81,81.0,2811.0,504,1054,101.0,314.0,168,250,113.0,363.0,294,134.0,33.0,165.0,148,1277,False
651,98,Nick Anderson,1994-95,14,1610612753,ORL,27.0,Forward-Guard,76,76.0,2588.0,439,923,179.0,431.0,143,203,85.0,250.0,314,125.0,22.0,141.0,124,1200,False
652,98,Nick Anderson,1995-96,14,1610612753,ORL,28.0,Forward-Guard,77,77.0,2717.0,400,904,168.0,430.0,166,240,92.0,323.0,279,121.0,46.0,141.0,135,1134,False
653,98,Nick Anderson,1996-97,14,1610612753,ORL,29.0,Forward-Guard,63,61.0,2164.0,288,725,143.0,405.0,38,94,66.0,238.0,182,120.0,32.0,86.0,160,757,False
654,98,Nick Anderson,1997-98,14,1610612753,ORL,30.0,Forward-Guard,58,44.0,1701.0,343,754,77.0,214.0,127,199,98.0,199.0,119,72.0,23.0,85.0,98,890,False
655,98,Nick Anderson,1998-99,14,1610612753,ORL,31.0,Forward-Guard,47,39.0,1581.0,253,640,96.0,277.0,99,162,51.0,226.0,91,64.0,15.0,83.0,72,701,False
656,98,Nick Anderson,1999-00,14,1610612758,SAC,32.0,Forward-Guard,72,72.0,2094.0,306,782,132.0,397.0,37,76,83.0,256.0,123,94.0,16.0,95.0,118,781,False
657,98,Nick Anderson,2000-01,14,1610612758,SAC,33.0,Forward-Guard,21,0.0,170.0,14,57,10.0,39.0,0,0,3.0,22.0,13,10.0,4.0,7.0,13,38,False
658,98,Nick Anderson,2001-02,14,1610612763,MEM,34.0,Forward-Guard,15,0.0,220.0,21,76,13.0,48.0,5,9,1.0,32.0,14,6.0,6.0,14.0,17,60,False
996,173,Keith Askins,1992-93,9,1610612748,MIA,25.0,Forward-Guard,69,1.0,935.0,88,213,22.0,65.0,29,40,74.0,124.0,31,31.0,29.0,37.0,141,227,False
997,173,Keith Askins,1993-94,9,1610612748,MIA,26.0,Forward-Guard,37,0.0,319.0,36,88,4.0,21.0,9,10,33.0,49.0,13,11.0,1.0,21.0,57,85,False
998,173,Keith Askins,1994-95,9,1610612748,MIA,27.0,Forward-Guard,50,5.0,854.0,81,207,21.0,78.0,46,57,86.0,112.0,39,35.0,17.0,25.0,109,229,False
999,173,Keith Askins,1995-96,9,1610612748,MIA,28.0,Forward-Guard,75,14.0,1897.0,157,391,99.0,237.0,45,57,113.0,211.0,121,48.0,61.0,82.0,271,458,False
1000,173,Keith Askins,1996-97,9,1610612748,MIA,29.0,Forward-Guard,78,30.0,1769.0,138,319,69.0,172.0,39,58,86.0,185.0,75,53.0,19.0,59.0,196,384,False
1001,173,Keith Askins,1997-98,9,1610612748,MIA,30.0,Forward-Guard,46,12.0,681.0,39,122,21.0,74.0,12,19,28.0,73.0,29,27.0,12.0,26.0,107,111,False
1002,173,Keith Askins,1998-99,9,1610612748,MIA,31.0,Forward-Guard,33,13.0,415.0,20,62,8.0,29.0,5,8,10.0,34.0,10,17.0,3.0,13.0,58,53,False
1036,278,Stacey Augmon,1992-93,16,1610612737,ATL,24.0,Forward-Guard,73,66.0,2112.0,397,792,0.0,4.0,227,307,141.0,146.0,170,91.0,18.0,157.0,141,1021,False
1037,278,Stacey Augmon,1993-94,16,1610612737,ATL,25.0,Forward-Guard,82,82.0,2605.0,439,861,1.0,7.0,333,436,178.0,216.0,187,149.0,45.0,147.0,179,1212,False
1038,278,Stacey Augmon,1994-95,16,1610612737,ATL,26.0,Forward-Guard,76,76.0,2362.0,397,876,7.0,26.0,252,346,157.0,211.0,197,100.0,47.0,152.0,163,1053,False
1039,278,Stacey Augmon,1995-96,16,1610612737,ATL,27.0,Forward-Guard,77,49.0,2294.0,362,738,1.0,4.0,251,317,137.0,167.0,137,106.0,31.0,138.0,188,976,False
1040,278,Stacey Augmon,1996-97,16,1610612765,DET,28.0,Forward-Guard,20,3.0,293.0,31,77,0.0,0.0,28,41,14.0,35.0,15,10.0,10.0,27.0,29,90,False
1041,278,Stacey Augmon,1996-97,16,1610612757,POR,28.0,Forward-Guard,40,7.0,650.0,74,143,0.0,0.0,41,56,33.0,56.0,41,32.0,7.0,37.0,58,189,False
1042,278,Stacey Augmon,1996-97,16,0,TOT,28.0,Forward-Guard,60,10.0,943.0,105,220,0.0,0.0,69,97,47.0,91.0,56,42.0,17.0,64.0,87,279,False
1043,278,Stacey Augmon,1997-98,16,1610612757,POR,29.0,Forward-Guard,71,23.0,1445.0,154,372,1.0,7.0,94,156,104.0,131.0,88,57.0,32.0,81.0,144,403,False
1044,278,Stacey Augmon,1998-99,16,1610612757,POR,30.0,Forward-Guard,48,21.0,874.0,78,174,0.0,2.0,52,76,47.0,78.0,58,57.0,18.0,30.0,81,208,False
1045,278,Stacey Augmon,1999-00,16,1610612757,POR,31.0,Forward-Guard,59,0.0,692.0,83,175,0.0,2.0,37,55,42.0,74.0,53,27.0,11.0,38.0,69,203,False
1046,278,Stacey Augmon,2000-01,16,1610612757,POR,32.0,Forward-Guard,66,23.0,1182.0,127,266,0.0,4.0,57,87,60.0,99.0,98,48.0,21.0,48.0,105,311,False
1047,278,Stacey Augmon,2001-02,16,1610612766,CHH,33.0,Forward-Guard,77,3.0,1319.0,140,328,0.0,3.0,77,101,59.0,166.0,103,56.0,12.0,54.0,115,357,False
1048,278,Stacey Augmon,2002-03,16,1610612740,NOH,34.0,Forward-Guard,70,3.0,862.0,79,192,0.0,7.0,54,72,26.0,93.0,69,27.0,9.0,40.0,80,212,False
1049,278,Stacey Augmon,2003-04,16,1610612740,NOH,35.0,Forward-Guard,69,24.0,1416.0,143,347,1.0,7.0,110,139,52.0,122.0,85,55.0,15.0,76.0,114,397,False
1050,278,Stacey Augmon,2004-05,16,1610612753,ORL,36.0,Forward-Guard,55,7.0,663.0,68,167,0.0,0.0,57,77,45.0,54.0,36,23.0,8.0,31.0,83,193,False
1051,278,Stacey Augmon,2005-06,16,1610612753,ORL,37.0,Forward-Guard,36,3.0,385.0,25,73,0.0,0.0,21,30,18.0,35.0,23,12.0,6.0,11.0,40,71,False
1512,1629628,RJ Barrett,2019-20,2,1610612752,NYK,20.0,Forward-Guard,56,55.0,1704.0,292,727,63.0,197.0,156,254,50.0,229.0,143,55.0,17.0,124.0,122,803,True
1513,1629628,RJ Barrett,2020-21,2,1610612752,NYK,21.0,Forward-Guard,72,72.0,2511.0,467,1060,124.0,309.0,206,276,68.0,346.0,217,53.0,20.0,139.0,188,1264,True
1514,1629628,RJ Barrett,2021-22,2,1610612752,NYK,22.0,Forward-Guard,70,70.0,2417.0,487,1194,138.0,404.0,290,406,66.0,342.0,208,43.0,16.0,151.0,142,1402,True
2730,1628968,Brian Bowen II,2019-20,3,1610612754,IND,21.0,Forward-Guard,6,1.0,31.0,3,10,0.0,2.0,0,0,1.0,6.0,0,0.0,1.0,1.0,3,6,True
2731,1628968,Brian Bowen II,2020-21,3,1610612754,IND,22.0,Forward-Guard,6,0.0,15.0,1,4,0.0,1.0,1,1,0.0,3.0,0,0.0,0.0,0.0,1,3,True
3141,1629052,Oshae Brissett,2019-20,2,1610612761,TOR,22.0,Forward-Guard,19,0.0,135.0,13,36,3.0,15.0,8,10,9.0,17.0,7,4.0,1.0,7.0,18,37,True
3142,1629052,Oshae Brissett,2020-21,2,1610612754,IND,23.0,Forward-Guard,21,16.0,519.0,73,151,33.0,78.0,50,65,29.0,86.0,18,19.0,20.0,10.0,32,229,True
3143,1629052,Oshae Brissett,2021-22,2,1610612754,IND,23.0,Forward-Guard,67,25.0,1564.0,208,506,83.0,237.0,114,164,108.0,250.0,72,44.0,29.0,54.0,116,613,True
3236,1626148,Anthony Brown,2015-16,4,1610612747,LAL,23.0,Forward-Guard,29,11.0,599.0,39,126,20.0,70.0,17,20,9.0,61.0,19,14.0,5.0,15.0,34,115,False
3237,1626148,Anthony Brown,2016-17,4,1610612740,NOP,24.0,Forward-Guard,9,0.0,143.0,14,41,6.0,24.0,0,0,6.0,20.0,6,5.0,1.0,5.0,13,34,False
3238,1626148,Anthony Brown,2016-17,4,1610612753,ORL,24.0,Forward-Guard,2,0.0,16.0,4,9,1.0,3.0,0,0,2.0,5.0,2,0.0,0.0,1.0,2,9,False
3239,1626148,Anthony Brown,2016-17,4,0,TOT,24.0,Forward-Guard,11,0.0,159.0,18,50,7.0,27.0,0,0,8.0,25.0,8,5.0,1.0,6.0,15,43,False
3240,1626148,Anthony Brown,2017-18,4,1610612750,MIN,25.0,Forward-Guard,1,0.0,4.0,1,1,1.0,1.0,0,0,0.0,0.0,1,0.0,0.0,0.0,0,3,False
3532,977,Kobe Bryant,1996-97,20,1610612747,LAL,18.0,Forward-Guard,71,6.0,1102.0,176,422,51.0,136.0,136,166,47.0,85.0,91,49.0,23.0,112.0,102,539,False
3533,977,Kobe Bryant,1997-98,20,1610612747,LAL,19.0,Forward-Guard,79,1.0,2056.0,391,913,75.0,220.0,363,457,79.0,163.0,199,74.0,40.0,157.0,180,1220,False
3534,977,Kobe Bryant,1998-99,20,1610612747,LAL,20.0,Forward-Guard,50,50.0,1896.0,362,779,27.0,101.0,245,292,53.0,211.0,190,72.0,50.0,157.0,153,996,False
3535,977,Kobe Bryant,1999-00,20,1610612747,LAL,21.0,Forward-Guard,66,62.0,2524.0,554,1183,46.0,144.0,331,403,108.0,308.0,323,106.0,62.0,182.0,220,1485,False
3536,977,Kobe Bryant,2000-01,20,1610612747,LAL,22.0,Forward-Guard,68,68.0,2791.0,701,1510,61.0,200.0,475,557,104.0,295.0,338,114.0,43.0,220.0,222,1938,False
3537,977,Kobe Bryant,2001-02,20,1610612747,LAL,23.0,Forward-Guard,80,80.0,3065.0,749,1597,33.0,132.0,488,589,112.0,329.0,438,118.0,35.0,223.0,228,2019,False
3538,977,Kobe Bryant,2002-03,20,1610612747,LAL,24.0,Forward-Guard,82,82.0,3404.0,868,1924,124.0,324.0,601,713,106.0,458.0,481,181.0,67.0,288.0,218,2461,False
3539,977,Kobe Bryant,2003-04,20,1610612747,LAL,25.0,Forward-Guard,65,64.0,2452.0,516,1178,71.0,217.0,454,533,103.0,256.0,330,112.0,28.0,171.0,176,1557,False
3540,977,Kobe Bryant,2004-05,20,1610612747,LAL,26.0,Forward-Guard,66,66.0,2689.0,573,1324,131.0,387.0,542,664,95.0,297.0,398,86.0,53.0,270.0,174,1819,False
3541,977,Kobe Bryant,2005-06,20,1610612747,LAL,27.0,Forward-Guard,80,80.0,3277.0,978,2173,180.0,518.0,696,819,71.0,354.0,360,147.0,30.0,250.0,233,2832,False
3542,977,Kobe Bryant,2006-07,20,1610612747,LAL,28.0,Forward-Guard,77,77.0,3140.0,813,1757,137.0,398.0,667,768,75.0,364.0,413,111.0,36.0,255.0,205,2430,False
3543,977,Kobe Bryant,2007-08,20,1610612747,LAL,29.0,Forward-Guard,82,82.0,3192.0,775,1690,150.0,415.0,623,742,94.0,423.0,441,151.0,40.0,257.0,227,2323,False
3544,977,Kobe Bryant,2008-09,20,1610612747,LAL,30.0,Forward-Guard,82,82.0,2960.0,800,1712,118.0,336.0,483,564,90.0,339.0,399,120.0,37.0,210.0,189,2201,False
3545,977,Kobe Bryant,2009-10,20,1610612747,LAL,31.0,Forward-Guard,73,73.0,2835.0,716,1569,99.0,301.0,439,541,78.0,313.0,365,113.0,20.0,233.0,187,1970,False
3546,977,Kobe Bryant,2010-11,20,1610612747,LAL,32.0,Forward-Guard,82,82.0,2779.0,740,1639,115.0,356.0,483,583,83.0,336.0,388,99.0,12.0,243.0,172,2078,False
3547,977,Kobe Bryant,2011-12,20,1610612747,LAL,33.0,Forward-Guard,58,58.0,2232.0,574,1336,87.0,287.0,381,451,66.0,247.0,264,69.0,18.0,204.0,105,1616,False
3548,977,Kobe Bryant,2012-13,20,1610612747,LAL,34.0,Forward-Guard,78,78.0,3013.0,738,1595,132.0,407.0,525,626,66.0,367.0,469,106.0,25.0,287.0,173,2133,False
3549,977,Kobe Bryant,2013-14,20,1610612747,LAL,35.0,Forward-Guard,6,6.0,177.0,31,73,3.0,16.0,18,21,2.0,24.0,38,7.0,1.0,34.0,9,83,False
3550,977,Kobe Bryant,2014-15,20,1610612747,LAL,36.0,Forward-Guard,35,35.0,1207.0,266,713,54.0,184.0,196,241,26.0,173.0,197,47.0,7.0,128.0,65,782,False
3551,977,Kobe Bryant,2015-16,20,1610612747,LAL,37.0,Forward-Guard,66,66.0,1863.0,398,1113,133.0,467.0,232,281,41.0,206.0,184,62.0,13.0,129.0,115,1161,False
3642,1934,Rodney Buford,1999-00,6,1610612748,MIA,22.0,Forward-Guard,34,0.0,386.0,62,151,7.0,29.0,16,22,10.0,38.0,21,10.0,8.0,9.0,44,147,False
3643,1934,Rodney Buford,2000-01,6,1610612755,PHI,23.0,Forward-Guard,47,0.0,572.0,104,241,16.0,38.0,24,29,16.0,58.0,17,17.0,6.0,29.0,68,248,False
3644,1934,Rodney Buford,2001-02,6,1610612763,MEM,24.0,Forward-Guard,63,21.0,1770.0,258,593,17.0,70.0,58,80,52.0,220.0,71,42.0,12.0,63.0,110,591,False
3645,1934,Rodney Buford,2003-04,6,1610612758,SAC,26.0,Forward-Guard,22,0.0,142.0,19,56,0.0,2.0,3,6,6.0,9.0,7,6.0,1.0,4.0,9,41,False
3646,1934,Rodney Buford,2004-05,6,1610612751,NJN,27.0,Forward-Guard,64,17.0,1311.0,187,489,34.0,108.0,37,45,33.0,156.0,63,40.0,4.0,35.0,101,445,False
4685,2735,Josh Childress,2004-05,9,1610612737,ATL,22.0,Forward-Guard,80,44.0,2377.0,302,642,13.0,56.0,190,231,195.0,287.0,151,74.0,35.0,106.0,184,807,False
4686,2735,Josh Childress,2005-06,9,1610612737,ATL,23.0,Forward-Guard,74,10.0,2249.0,278,504,32.0,65.0,154,201,134.0,253.0,131,86.0,39.0,101.0,184,742,False
4687,2735,Josh Childress,2006-07,9,1610612737,ATL,24.0,Forward-Guard,55,13.0,2024.0,261,518,26.0,77.0,167,210,123.0,217.0,127,58.0,36.0,80.0,118,715,False
4688,2735,Josh Childress,2007-08,9,1610612737,ATL,25.0,Forward-Guard,76,0.0,2274.0,327,573,22.0,60.0,222,275,174.0,199.0,117,71.0,43.0,98.0,129,898,False
4689,2735,Josh Childress,2010-11,9,1610612756,PHX,28.0,Forward-Guard,54,3.0,894.0,121,214,1.0,16.0,29,59,69.0,86.0,42,33.0,23.0,44.0,68,272,False
4690,2735,Josh Childress,2011-12,9,1610612756,PHX,29.0,Forward-Guard,34,0.0,491.0,48,99,4.0,24.0,0,2,31.0,64.0,34,14.0,6.0,9.0,38,100,False
4691,2735,Josh Childress,2012-13,9,1610612751,BKN,30.0,Forward-Guard,14,0.0,100.0,6,21,1.0,3.0,1,2,6.0,9.0,5,2.0,2.0,0.0,3,14,False
4692,2735,Josh Childress,2013-14,9,1610612740,NOP,31.0,Forward-Guard,4,0.0,24.0,0,0,0.0,0.0,0,0,0.0,3.0,2,1.0,0.0,1.0,1,0,False
5515,1628249,Mitchell Creek,2018-19,2,1610612751,BKN,27.0,Forward-Guard,4,0.0,36.0,5,10,0.0,1.0,5,7,5.0,5.0,5,1.0,0.0,0.0,3,15,False
5516,1628249,Mitchell Creek,2018-19,2,1610612750,MIN,27.0,Forward-Guard,1,0.0,12.0,3,6,0.0,1.0,0,0,1.0,1.0,1,1.0,0.0,1.0,0,6,False
5517,1628249,Mitchell Creek,2018-19,2,0,TOT,27.0,Forward-Guard,5,0.0,47.0,8,16,0.0,2.0,5,7,6.0,6.0,6,2.0,0.0,1.0,3,21,False
5750,688,Michael Curry,1993-94,11,1610612755,PHL,25.0,Forward-Guard,10,0.0,43.0,3,14,0.0,2.0,3,4,0.0,1.0,1,1.0,0.0,3.0,6,9,False
5751,688,Michael Curry,1995-96,11,1610612764,WAS,27.0,Forward-Guard,5,0.0,34.0,3,10,0.0,3.0,4,4,2.0,3.0,1,1.0,0.0,1.0,3,10,False
5752,688,Michael Curry,1995-96,11,1610612765,DET,27.0,Forward-Guard,41,1.0,749.0,70,151,20.0,50.0,41,58,25.0,55.0,26,23.0,2.0,23.0,89,201,False
5753,688,Michael Curry,1995-96,11,0,TOT,27.0,Forward-Guard,46,1.0,783.0,73,161,20.0,53.0,45,62,27.0,58.0,27,24.0,2.0,24.0,92,211,False
5754,688,Michael Curry,1996-97,11,1610612765,DET,28.0,Forward-Guard,81,2.0,1217.0,99,221,23.0,77.0,97,108,23.0,96.0,43,31.0,12.0,28.0,128,318,False
5755,688,Michael Curry,1997-98,11,1610612749,MIL,29.0,Forward-Guard,82,27.0,1978.0,196,418,4.0,9.0,147,176,26.0,72.0,137,56.0,14.0,77.0,218,543,False
5756,688,Michael Curry,1998-99,11,1610612749,MIL,30.0,Forward-Guard,50,4.0,1146.0,90,206,1.0,15.0,63,79,19.0,89.0,78,42.0,7.0,37.0,135,244,False
5757,688,Michael Curry,1999-00,11,1610612765,DET,31.0,Forward-Guard,82,3.0,1611.0,182,379,1.0,5.0,141,168,21.0,83.0,87,33.0,5.0,73.0,209,506,False
5758,688,Michael Curry,2000-01,11,1610612765,DET,32.0,Forward-Guard,68,58.0,1490.0,145,319,4.0,9.0,62,73,21.0,100.0,132,27.0,3.0,61.0,173,356,False
5759,688,Michael Curry,2001-02,11,1610612765,DET,33.0,Forward-Guard,82,75.0,1905.0,125,276,7.0,26.0,72,91,15.0,153.0,127,47.0,10.0,60.0,207,329,False
5760,688,Michael Curry,2002-03,11,1610612765,DET,34.0,Forward-Guard,78,77.0,1555.0,92,229,16.0,54.0,36,45,16.0,111.0,104,44.0,4.0,43.0,163,236,False
5761,688,Michael Curry,2003-04,11,1610612761,TOR,35.0,Forward-Guard,70,15.0,1227.0,76,196,3.0,15.0,49,58,22.0,65.0,53,23.0,5.0,48.0,153,204,False
5762,688,Michael Curry,2004-05,11,1610612754,IND,36.0,Forward-Guard,18,7.0,248.0,13,29,0.0,0.0,4,8,8.0,19.0,15,5.0,4.0,5.0,39,30,False
6545,200821,Yakhouba Diawara,2006-07,5,1610612743,DEN,24.0,Forward-Guard,64,19.0,1177.0,100,292,49.0,170.0,35,53,27.0,83.0,55,30.0,7.0,37.0,132,284,False
6546,200821,Yakhouba Diawara,2007-08,5,1610612743,DEN,25.0,Forward-Guard,54,14.0,542.0,55,134,21.0,66.0,22,31,23.0,39.0,37,8.0,3.0,16.0,61,153,False
6547,200821,Yakhouba Diawara,2008-09,5,1610612748,MIA,26.0,Forward-Guard,63,21.0,851.0,76,217,51.0,163.0,10,19,26.0,56.0,27,13.0,6.0,16.0,75,213,False
6548,200821,Yakhouba Diawara,2009-10,5,1610612748,MIA,27.0,Forward-Guard,6,2.0,44.0,2,10,1.0,6.0,0,0,1.0,3.0,3,1.0,0.0,3.0,8,5,False
6742,1629029,Luka Doncic,2018-19,3,1610612742,DAL,20.0,Forward-Guard,72,72.0,2318.0,506,1186,168.0,514.0,346,485,86.0,477.0,429,77.0,25.0,247.0,137,1526,True
6743,1629029,Luka Doncic,2019-20,3,1610612742,DAL,21.0,Forward-Guard,61,61.0,2047.0,581,1255,171.0,541.0,426,562,78.0,495.0,538,62.0,14.0,260.0,153,1759,True
6744,1629029,Luka Doncic,2020-21,3,1610612742,DAL,22.0,Forward-Guard,66,66.0,2262.0,647,1351,192.0,548.0,344,471,54.0,473.0,567,64.0,36.0,281.0,152,1830,True
6745,1629029,Luka Doncic,2021-22,3,1610612742,DAL,23.0,Forward-Guard,65,65.0,2301.0,641,1403,201.0,569.0,364,489,56.0,537.0,568,75.0,36.0,292.0,145,1847,True
7408,1629604,CJ Elleby,2020-21,1,1610612757,POR,21.0,Forward-Guard,30,0.0,192.0,25,66,7.0,34.0,11,15,11.0,21.0,10,6.0,3.0,5.0,27,68,True
7409,1629604,CJ Elleby,2021-22,1,1610612757,POR,21.0,Forward-Guard,58,28.0,1174.0,121,308,37.0,126.0,60,84,66.0,161.0,87,35.0,19.0,56.0,116,339,True
7477,1677,Harold Ellis,1993-94,3,1610612746,LAC,23.0,Forward-Guard,49,16.0,923.0,159,292,0.0,4.0,106,149,94.0,59.0,31,73.0,2.0,43.0,97,424,False
7478,1677,Harold Ellis,1994-95,3,1610612746,LAC,24.0,Forward-Guard,69,7.0,656.0,91,189,1.0,13.0,69,117,56.0,32.0,40,67.0,12.0,49.0,102,252,False
7479,1677,Harold Ellis,1997-98,3,1610612743,DEN,27.0,Forward-Guard,27,3.0,344.0,62,111,0.0,4.0,40,63,27.0,23.0,18,19.0,4.0,19.0,53,164,False
8886,200752,Rudy Gay,2006-07,15,1610612763,MEM,20.0,Forward-Guard,78,43.0,2103.0,321,760,52.0,143.0,152,209,93.0,255.0,100,71.0,74.0,140.0,192,846,True
8887,200752,Rudy Gay,2007-08,15,1610612763,MEM,21.0,Forward-Guard,81,81.0,3000.0,625,1355,134.0,387.0,248,316,140.0,359.0,158,111.0,79.0,190.0,230,1632,True
8888,200752,Rudy Gay,2008-09,15,1610612763,MEM,22.0,Forward-Guard,79,78.0,2945.0,572,1262,85.0,242.0,264,344,109.0,328.0,135,98.0,59.0,203.0,221,1493,True
8889,200752,Rudy Gay,2009-10,15,1610612763,MEM,23.0,Forward-Guard,80,80.0,3175.0,600,1288,66.0,202.0,301,400,115.0,357.0,153,118.0,64.0,169.0,201,1567,True
8890,200752,Rudy Gay,2010-11,15,1610612763,MEM,24.0,Forward-Guard,54,54.0,2152.0,409,869,57.0,144.0,194,241,82.0,254.0,153,91.0,58.0,135.0,131,1069,True
8891,200752,Rudy Gay,2011-12,15,1610612763,MEM,25.0,Forward-Guard,65,65.0,2422.0,485,1067,54.0,173.0,208,263,130.0,287.0,147,95.0,55.0,161.0,138,1232,True
8892,200752,Rudy Gay,2012-13,15,1610612763,MEM,26.0,Forward-Guard,42,42.0,1541.0,281,688,40.0,129.0,121,156,56.0,193.0,108,56.0,31.0,104.0,87,723,True
8893,200752,Rudy Gay,2012-13,15,1610612761,TOR,26.0,Forward-Guard,33,32.0,1146.0,240,565,44.0,131.0,119,139,43.0,169.0,94,57.0,22.0,94.0,95,643,True
8894,200752,Rudy Gay,2012-13,15,0,TOT,26.0,Forward-Guard,75,74.0,2687.0,521,1253,84.0,260.0,240,295,99.0,362.0,202,113.0,53.0,198.0,182,1366,True
8895,200752,Rudy Gay,2013-14,15,1610612761,TOR,27.0,Forward-Guard,18,18.0,639.0,130,335,22.0,59.0,68,88,29.0,104.0,40,28.0,23.0,59.0,47,350,True
8896,200752,Rudy Gay,2013-14,15,1610612758,SAC,27.0,Forward-Guard,55,55.0,1892.0,407,844,43.0,138.0,250,299,84.0,220.0,169,67.0,33.0,165.0,124,1107,True
8897,200752,Rudy Gay,2013-14,15,0,TOT,27.0,Forward-Guard,73,73.0,2531.0,537,1179,65.0,197.0,318,387,113.0,324.0,209,95.0,56.0,224.0,171,1457,True
8898,200752,Rudy Gay,2014-15,15,1610612758,SAC,28.0,Forward-Guard,68,67.0,2408.0,508,1116,79.0,220.0,337,393,98.0,301.0,250,71.0,41.0,183.0,157,1432,True
8899,200752,Rudy Gay,2015-16,15,1610612758,SAC,29.0,Forward-Guard,70,70.0,2379.0,466,1007,74.0,215.0,198,254,103.0,353.0,120,100.0,51.0,139.0,184,1204,True
8900,200752,Rudy Gay,2016-17,15,1610612758,SAC,30.0,Forward-Guard,30,30.0,1013.0,201,442,42.0,113.0,118,138,35.0,155.0,83,44.0,26.0,74.0,79,562,True
8901,200752,Rudy Gay,2017-18,15,1610612759,SAS,31.0,Forward-Guard,57,6.0,1231.0,253,537,37.0,118.0,112,145,76.0,215.0,73,46.0,38.0,78.0,98,655,True
8902,200752,Rudy Gay,2018-19,15,1610612759,SAS,32.0,Forward-Guard,69,51.0,1842.0,376,746,74.0,184.0,120,147,63.0,407.0,182,54.0,34.0,114.0,159,946,True
8903,200752,Rudy Gay,2019-20,15,1610612759,SAS,33.0,Forward-Guard,67,5.0,1461.0,266,596,74.0,220.0,120,136,61.0,301.0,114,35.0,33.0,88.0,103,726,True
8904,200752,Rudy Gay,2020-21,15,1610612759,SAS,34.0,Forward-Guard,63,1.0,1358.0,264,628,106.0,278.0,82,102,42.0,261.0,88,45.0,40.0,65.0,115,716,True
8905,200752,Rudy Gay,2021-22,15,1610612762,UTA,35.0,Forward-Guard,55,1.0,1038.0,157,379,70.0,203.0,62,79,55.0,187.0,56,25.0,19.0,47.0,95,446,True
9195,1901,Dion Glover,1999-00,6,1610612737,ATL,21.0,Forward-Guard,30,1.0,446.0,66,171,12.0,45.0,51,70,15.0,23.0,27,15.0,4.0,28.0,28,195,False
9196,1901,Dion Glover,2000-01,6,1610612737,ATL,22.0,Forward-Guard,57,7.0,931.0,141,336,9.0,46.0,47,69,39.0,92.0,69,49.0,10.0,54.0,92,338,False
9197,1901,Dion Glover,2001-02,6,1610612737,ATL,23.0,Forward-Guard,55,25.0,1156.0,192,456,30.0,91.0,78,103,36.0,133.0,84,45.0,14.0,76.0,89,492,False
9198,1901,Dion Glover,2002-03,6,1610612737,ATL,24.0,Forward-Guard,76,42.0,1888.0,277,648,56.0,158.0,127,162,62.0,220.0,141,71.0,15.0,108.0,146,737,False
9199,1901,Dion Glover,2003-04,6,1610612737,ATL,25.0,Forward-Guard,55,26.0,1467.0,205,524,36.0,105.0,110,142,54.0,183.0,115,40.0,17.0,83.0,106,556,False
9200,1901,Dion Glover,2003-04,6,1610612761,TOR,25.0,Forward-Guard,14,4.0,178.0,25,65,4.0,14.0,10,14,4.0,25.0,15,10.0,2.0,19.0,17,64,False
9201,1901,Dion Glover,2003-04,6,0,TOT,25.0,Forward-Guard,69,30.0,1645.0,230,589,40.0,119.0,120,156,58.0,208.0,130,50.0,19.0,102.0,123,620,False
9202,1901,Dion Glover,2004-05,6,1610612759,SAS,26.0,Forward-Guard,7,0.0,68.0,8,22,1.0,8.0,8,10,3.0,8.0,4,3.0,3.0,2.0,9,25,False
9451,101122,Danny Granger,2005-06,11,1610612754,IND,23.0,Forward-Guard,78,17.0,1765.0,221,478,30.0,93.0,115,148,131.0,253.0,90,58.0,62.0,80.0,211,587,False
9452,101122,Danny Granger,2006-07,11,1610612754,IND,24.0,Forward-Guard,82,57.0,2785.0,398,868,110.0,288.0,236,294,114.0,267.0,114,67.0,61.0,135.0,245,1142,False
9453,101122,Danny Granger,2007-08,11,1610612754,IND,25.0,Forward-Guard,80,80.0,2876.0,537,1205,171.0,423.0,322,378,93.0,393.0,166,95.0,84.0,171.0,290,1567,False
9454,101122,Danny Granger,2008-09,11,1610612754,IND,26.0,Forward-Guard,67,66.0,2424.0,571,1277,182.0,450.0,404,460,49.0,292.0,183,69.0,97.0,165.0,207,1728,False
9455,101122,Danny Granger,2009-10,11,1610612754,IND,27.0,Forward-Guard,62,62.0,2278.0,488,1139,158.0,438.0,363,428,67.0,275.0,171,94.0,51.0,157.0,183,1497,False
9456,101122,Danny Granger,2010-11,11,1610612754,IND,28.0,Forward-Guard,79,79.0,2763.0,535,1260,157.0,407.0,395,466,87.0,338.0,203,89.0,62.0,206.0,213,1622,False
9457,101122,Danny Granger,2011-12,11,1610612754,IND,29.0,Forward-Guard,62,62.0,2062.0,391,941,123.0,323.0,254,291,79.0,228.0,109,62.0,40.0,110.0,144,1159,False
9458,101122,Danny Granger,2012-13,11,1610612754,IND,30.0,Forward-Guard,5,0.0,74.0,10,35,2.0,10.0,5,8,3.0,6.0,3,2.0,1.0,4.0,6,27,False
9459,101122,Danny Granger,2013-14,11,1610612754,IND,31.0,Forward-Guard,29,2.0,653.0,80,223,31.0,94.0,51,53,24.0,81.0,33,9.0,13.0,36.0,41,242,False
9460,101122,Danny Granger,2013-14,11,1610612746,LAC,31.0,Forward-Guard,12,0.0,194.0,36,84,12.0,34.0,12,14,7.0,21.0,8,3.0,4.0,10.0,21,96,False
9461,101122,Danny Granger,2013-14,11,0,TOT,31.0,Forward-Guard,41,2.0,848.0,116,307,43.0,128.0,63,67,31.0,102.0,41,12.0,17.0,46.0,62,338,False
9462,101122,Danny Granger,2014-15,11,1610612748,MIA,32.0,Forward-Guard,30,6.0,613.0,65,162,30.0,84.0,28,37,20.0,60.0,17,13.0,6.0,24.0,67,188,False
10082,203798,PJ Hairston,2014-15,3,1610612766,CHA,22.0,Forward-Guard,45,2.0,687.0,87,269,49.0,163.0,31,36,22.0,70.0,21,21.0,13.0,22.0,61,254,False
10083,203798,PJ Hairston,2015-16,3,1610612766,CHA,23.0,Forward-Guard,48,43.0,938.0,99,276,54.0,172.0,34,42,18.0,110.0,29,24.0,7.0,24.0,106,286,False
10084,203798,PJ Hairston,2015-16,3,1610612763,MEM,23.0,Forward-Guard,18,9.0,375.0,46,132,16.0,69.0,16,22,7.0,39.0,9,8.0,4.0,17.0,31,124,False
10085,203798,PJ Hairston,2015-16,3,0,TOT,23.0,Forward-Guard,66,52.0,1313.0,145,408,70.0,241.0,50,64,25.0,149.0,38,32.0,11.0,41.0,137,410,False
10138,1032,Darvin Ham,1996-97,9,1610612743,DEN,23.0,Forward-Guard,35,3.0,310.0,32,61,0.0,0.0,16,33,29.0,27.0,14,8.0,8.0,21.0,57,80,False
10139,1032,Darvin Ham,1996-97,9,1610612754,IND,23.0,Forward-Guard,1,0.0,5.0,1,1,0.0,0.0,1,2,0.0,0.0,0,1.0,0.0,1.0,0,3,False
10140,1032,Darvin Ham,1996-97,9,0,TOT,23.0,Forward-Guard,36,3.0,315.0,33,62,0.0,0.0,17,35,29.0,27.0,14,9.0,8.0,22.0,57,83,False
10141,1032,Darvin Ham,1997-98,9,1610612764,WAS,24.0,Forward-Guard,71,3.0,635.0,55,104,0.0,0.0,35,74,72.0,59.0,16,21.0,25.0,37.0,118,145,False
10142,1032,Darvin Ham,1999-00,9,1610612749,MIL,26.0,Forward-Guard,35,21.0,792.0,71,128,0.0,1.0,35,78,85.0,87.0,42,29.0,29.0,29.0,102,177,False
10143,1032,Darvin Ham,2000-01,9,1610612749,MIL,27.0,Forward-Guard,29,13.0,542.0,39,80,2.0,3.0,29,49,56.0,65.0,25,17.0,21.0,33.0,85,109,False
10144,1032,Darvin Ham,2001-02,9,1610612749,MIL,28.0,Forward-Guard,70,2.0,1207.0,120,211,1.0,7.0,62,123,91.0,111.0,73,25.0,37.0,83.0,175,303,False
10145,1032,Darvin Ham,2002-03,9,1610612737,ATL,29.0,Forward-Guard,75,1.0,925.0,71,159,0.0,3.0,38,79,73.0,80.0,38,16.0,19.0,65.0,127,180,False
10146,1032,Darvin Ham,2003-04,9,1610612765,DET,30.0,Forward-Guard,54,2.0,483.0,37,75,1.0,2.0,21,35,47.0,46.0,16,13.0,8.0,31.0,63,96,False
10147,1032,Darvin Ham,2004-05,9,1610612765,DET,31.0,Forward-Guard,47,0.0,275.0,17,37,0.0,0.0,12,31,19.0,16.0,5,6.0,7.0,8.0,39,46,False
10366,203090,Maurice Harkless,2012-13,9,1610612753,ORL,20.0,Forward-Guard,76,59.0,1974.0,260,564,32.0,117.0,73,128,122.0,213.0,50,88.0,62.0,69.0,144,625,True
10367,203090,Maurice Harkless,2013-14,9,1610612753,ORL,21.0,Forward-Guard,80,41.0,1950.0,224,483,59.0,154.0,85,143,69.0,195.0,80,97.0,50.0,86.0,140,592,True
10368,203090,Maurice Harkless,2014-15,9,1610612753,ORL,22.0,Forward-Guard,45,4.0,674.0,63,158,10.0,56.0,22,41,38.0,68.0,25,32.0,9.0,27.0,66,158,True
10369,203090,Maurice Harkless,2015-16,9,1610612757,POR,23.0,Forward-Guard,78,14.0,1457.0,195,411,39.0,140.0,69,111,101.0,179.0,67,49.0,35.0,62.0,124,498,True
10370,203090,Maurice Harkless,2016-17,9,1610612757,POR,24.0,Forward-Guard,77,69.0,2223.0,314,624,68.0,194.0,77,124,125.0,216.0,88,85.0,70.0,86.0,214,773,True
10371,203090,Maurice Harkless,2017-18,9,1610612757,POR,25.0,Forward-Guard,59,37.0,1264.0,147,297,49.0,118.0,42,59,46.0,116.0,53,48.0,43.0,40.0,103,385,True
10372,203090,Maurice Harkless,2018-19,9,1610612757,POR,26.0,Forward-Guard,60,53.0,1415.0,189,388,33.0,120.0,49,73,77.0,192.0,74,67.0,53.0,45.0,163,460,True
10373,203090,Maurice Harkless,2019-20,9,1610612746,LAC,27.0,Forward-Guard,50,38.0,1141.0,112,217,27.0,73.0,24,42,47.0,153.0,48,49.0,30.0,46.0,120,275,True
10374,203090,Maurice Harkless,2019-20,9,1610612752,NYK,27.0,Forward-Guard,12,10.0,286.0,30,66,7.0,25.0,15,24,8.0,32.0,20,9.0,3.0,7.0,28,82,True
10375,203090,Maurice Harkless,2019-20,9,0,TOT,27.0,Forward-Guard,62,48.0,1427.0,142,283,34.0,98.0,39,66,55.0,185.0,68,58.0,33.0,53.0,148,357,True
10376,203090,Maurice Harkless,2020-21,9,1610612748,MIA,28.0,Forward-Guard,11,3.0,124.0,5,13,5.0,11.0,0,2,2.0,11.0,7,2.0,4.0,3.0,14,15,True
10377,203090,Maurice Harkless,2020-21,9,1610612758,SAC,28.0,Forward-Guard,26,20.0,648.0,64,152,18.0,73.0,33,41,11.0,65.0,37,28.0,16.0,19.0,72,179,True
10378,203090,Maurice Harkless,2020-21,9,0,TOT,28.0,Forward-Guard,37,23.0,772.0,69,165,23.0,84.0,33,43,13.0,76.0,44,30.0,20.0,22.0,86,194,True
10379,203090,Maurice Harkless,2021-22,9,1610612758,SAC,29.0,Forward-Guard,47,24.0,864.0,83,181,31.0,101.0,20,28,12.0,100.0,23,29.0,24.0,31.0,77,217,True
10703,2239,Trenton Hassell,2001-02,10,1610612741,CHI,23.0,Forward-Guard,78,47.0,2236.0,267,628,60.0,165.0,87,114,65.0,190.0,172,55.0,44.0,101.0,184,681,False
10704,2239,Trenton Hassell,2002-03,10,1610612741,CHI,24.0,Forward-Guard,82,53.0,1997.0,144,392,13.0,40.0,41,55,37.0,218.0,151,45.0,61.0,83.0,197,342,False
10705,2239,Trenton Hassell,2003-04,10,1610612750,MIN,25.0,Forward-Guard,81,74.0,2264.0,177,381,4.0,13.0,48,61,68.0,189.0,133,36.0,54.0,46.0,200,406,False
10706,2239,Trenton Hassell,2004-05,10,1610612750,MIN,26.0,Forward-Guard,82,51.0,2070.0,225,475,1.0,11.0,90,114,80.0,139.0,128,30.0,30.0,64.0,200,541,False
10707,2239,Trenton Hassell,2005-06,10,1610612750,MIN,27.0,Forward-Guard,77,67.0,2514.0,286,616,7.0,23.0,131,176,82.0,134.0,203,43.0,29.0,124.0,201,710,False
10708,2239,Trenton Hassell,2006-07,10,1610612750,MIN,28.0,Forward-Guard,76,68.0,2223.0,217,443,6.0,25.0,72,92,83.0,160.0,203,22.0,26.0,80.0,144,512,False
10709,2239,Trenton Hassell,2007-08,10,1610612742,DAL,29.0,Forward-Guard,37,6.0,463.0,37,80,1.0,4.0,1,2,11.0,33.0,26,9.0,1.0,14.0,55,76,False
10710,2239,Trenton Hassell,2007-08,10,1610612751,NJN,29.0,Forward-Guard,26,0.0,310.0,20,55,1.0,5.0,6,8,9.0,30.0,15,4.0,2.0,8.0,35,47,False
10711,2239,Trenton Hassell,2007-08,10,0,TOT,29.0,Forward-Guard,63,6.0,773.0,57,135,2.0,9.0,7,10,20.0,63.0,41,13.0,3.0,22.0,90,123,False
10712,2239,Trenton Hassell,2008-09,10,1610612751,NJN,30.0,Forward-Guard,53,31.0,1094.0,86,191,2.0,8.0,20,25,50.0,96.0,51,21.0,16.0,30.0,92,194,False
10713,2239,Trenton Hassell,2009-10,10,1610612751,NJN,31.0,Forward-Guard,52,31.0,1106.0,90,219,0.0,5.0,52,69,56.0,96.0,50,17.0,9.0,47.0,91,232,False
11078,202333,Xavier Henry,2010-11,6,1610612763,MEM,20.0,Forward-Guard,38,16.0,527.0,65,160,2.0,17.0,33,52,9.0,28.0,18,11.0,3.0,13.0,48,165,False
11079,202333,Xavier Henry,2011-12,6,1610612740,NOH,21.0,Forward-Guard,45,0.0,759.0,90,228,7.0,17.0,52,85,24.0,82.0,35,26.0,8.0,35.0,59,239,False
11080,202333,Xavier Henry,2012-13,6,1610612740,NOH,22.0,Forward-Guard,50,2.0,625.0,66,161,4.0,11.0,58,92,21.0,69.0,13,16.0,5.0,31.0,72,194,False
11081,202333,Xavier Henry,2013-14,6,1610612747,LAL,23.0,Forward-Guard,43,5.0,908.0,144,345,28.0,81.0,116,177,25.0,89.0,51,44.0,7.0,57.0,79,432,False
11082,202333,Xavier Henry,2014-15,6,1610612747,LAL,24.0,Forward-Guard,9,0.0,86.0,3,13,0.0,0.0,14,24,2.0,2.0,3,3.0,0.0,3.0,6,20,False
11182,1626209,Mario Hezonja,2015-16,6,1610612753,ORL,21.0,Forward-Guard,79,9.0,1413.0,181,418,67.0,192.0,49,54,28.0,148.0,109,39.0,17.0,97.0,124,478,False
11183,1626209,Mario Hezonja,2016-17,6,1610612753,ORL,22.0,Forward-Guard,65,2.0,960.0,117,330,43.0,144.0,40,50,20.0,126.0,62,30.0,15.0,58.0,74,317,False
11184,1626209,Mario Hezonja,2017-18,6,1610612753,ORL,23.0,Forward-Guard,75,30.0,1657.0,273,617,90.0,267.0,86,105,41.0,240.0,106,81.0,31.0,86.0,134,722,False
11185,1626209,Mario Hezonja,2018-19,6,1610612752,NYK,24.0,Forward-Guard,58,24.0,1206.0,191,464,42.0,152.0,87,114,28.0,211.0,88,57.0,8.0,88.0,110,511,False
11186,1626209,Mario Hezonja,2019-20,6,1610612757,POR,25.0,Forward-Guard,53,4.0,871.0,92,218,24.0,78.0,48,59,30.0,154.0,50,36.0,9.0,42.0,107,256,False
11498,203200,Justin Holiday,2012-13,8,1610612755,PHI,24.0,Forward-Guard,9,0.0,142.0,16,48,4.0,16.0,6,8,0.0,14.0,15,3.0,6.0,9.0,7,42,True
11499,203200,Justin Holiday,2014-15,8,1610612744,GSW,26.0,Forward-Guard,59,4.0,657.0,91,235,35.0,109.0,37,45,12.0,61.0,48,40.0,12.0,29.0,54,254,True
11500,203200,Justin Holiday,2015-16,8,1610612737,ATL,27.0,Forward-Guard,26,1.0,263.0,24,73,10.0,45.0,5,10,4.0,23.0,11,13.0,4.0,13.0,21,63,True
11501,203200,Justin Holiday,2015-16,8,1610612741,CHI,27.0,Forward-Guard,27,4.0,510.0,64,155,26.0,60.0,22,27,8.0,55.0,45,19.0,15.0,26.0,40,176,True
11502,203200,Justin Holiday,2015-16,8,0,TOT,27.0,Forward-Guard,53,5.0,773.0,88,228,36.0,105.0,27,37,12.0,78.0,56,32.0,19.0,39.0,61,239,True
11503,203200,Justin Holiday,2016-17,8,1610612752,NYK,28.0,Forward-Guard,82,4.0,1639.0,233,538,97.0,273.0,66,80,27.0,198.0,102,65.0,31.0,66.0,109,629,True
11504,203200,Justin Holiday,2017-18,8,1610612741,CHI,29.0,Forward-Guard,72,72.0,2265.0,290,782,161.0,449.0,135,164,31.0,260.0,153,80.0,31.0,93.0,134,876,True
11505,203200,Justin Holiday,2018-19,8,1610612741,CHI,30.0,Forward-Guard,38,38.0,1325.0,151,394,97.0,270.0,41,46,19.0,150.0,85,67.0,21.0,47.0,79,440,True
11506,203200,Justin Holiday,2018-19,8,1610612763,MEM,30.0,Forward-Guard,44,39.0,1282.0,149,383,65.0,195.0,54,60,27.0,127.0,61,54.0,15.0,57.0,85,417,True
11507,203200,Justin Holiday,2018-19,8,0,TOT,30.0,Forward-Guard,82,77.0,2607.0,300,777,162.0,465.0,95,106,46.0,277.0,146,121.0,36.0,104.0,164,857,True
11508,203200,Justin Holiday,2019-20,8,1610612754,IND,31.0,Forward-Guard,73,6.0,1826.0,208,486,134.0,331.0,53,67,32.0,206.0,93,87.0,46.0,44.0,137,603,True
11509,203200,Justin Holiday,2020-21,8,1610612754,IND,32.0,Forward-Guard,72,52.0,2183.0,258,625,173.0,453.0,67,85,32.0,224.0,119,74.0,41.0,54.0,135,756,True
11510,203200,Justin Holiday,2021-22,8,1610612754,IND,33.0,Forward-Guard,49,40.0,1416.0,190,458,127.0,336.0,34,41,18.0,117.0,90,36.0,18.0,49.0,105,541,True
11511,203200,Justin Holiday,2021-22,8,1610612758,SAC,33.0,Forward-Guard,25,25.0,641.0,71,204,50.0,146.0,16,21,11.0,44.0,38,21.0,15.0,21.0,49,208,True
11512,203200,Justin Holiday,2021-22,8,0,TOT,33.0,Forward-Guard,74,65.0,2057.0,261,662,177.0,482.0,50,62,29.0,161.0,128,57.0,33.0,70.0,154,749,True
11592,1532,Jerald Honeycutt,1997-98,3,1610612749,MIL,23.0,Forward-Guard,38,0.0,530.0,90,221,29.0,77.0,36,58,27.0,66.0,33,20.0,6.0,49.0,83,245,False
11593,1532,Jerald Honeycutt,1998-99,3,1610612749,MIL,24.0,Forward-Guard,3,0.0,12.0,2,5,0.0,3.0,1,2,0.0,1.0,0,1.0,0.0,1.0,6,5,False
11594,1532,Jerald Honeycutt,1998-99,3,1610612755,PHI,24.0,Forward-Guard,13,0.0,90.0,7,27,5.0,14.0,6,8,3.0,8.0,3,4.0,2.0,8.0,10,25,False
11595,1532,Jerald Honeycutt,1998-99,3,0,TOT,24.0,Forward-Guard,16,0.0,102.0,9,32,5.0,17.0,7,10,3.0,9.0,3,5.0,2.0,9.0,16,30,False
11729,1627863,Danuel House Jr.,2016-17,5,1610612764,WAS,24.0,Forward-Guard,1,0.0,1.0,0,0,0.0,0.0,0,0,0.0,1.0,0,0.0,0.0,0.0,0,0,True
11730,1627863,Danuel House Jr.,2017-18,5,1610612756,PHX,25.0,Forward-Guard,23,3.0,403.0,56,129,15.0,58.0,25,31,13.0,63.0,25,7.0,6.0,11.0,23,152,True
11731,1627863,Danuel House Jr.,2018-19,5,1610612745,HOU,26.0,Forward-Guard,39,13.0,979.0,118,252,74.0,178.0,56,71,25.0,115.0,40,21.0,11.0,35.0,80,366,True
11732,1627863,Danuel House Jr.,2019-20,5,1610612745,HOU,27.0,Forward-Guard,63,52.0,1913.0,230,539,129.0,355.0,73,90,57.0,210.0,85,67.0,34.0,54.0,132,662,True
11733,1627863,Danuel House Jr.,2020-21,5,1610612745,HOU,28.0,Forward-Guard,36,23.0,932.0,110,272,54.0,156.0,41,63,18.0,114.0,69,20.0,16.0,36.0,67,315,True
11734,1627863,Danuel House Jr.,2021-22,5,1610612745,HOU,29.0,Forward-Guard,16,1.0,233.0,25,74,10.0,34.0,17,19,4.0,39.0,19,5.0,5.0,18.0,16,77,True
11735,1627863,Danuel House Jr.,2021-22,5,1610612752,NYK,29.0,Forward-Guard,1,0.0,3.0,0,1,0.0,1.0,0,0,0.0,0.0,0,0.0,0.0,0.0,0,0,True
11736,1627863,Danuel House Jr.,2021-22,5,1610612762,UTA,29.0,Forward-Guard,25,6.0,491.0,55,123,34.0,82.0,27,39,14.0,54.0,25,16.0,12.0,15.0,35,171,True
11737,1627863,Danuel House Jr.,2021-22,5,0,TOT,29.0,Forward-Guard,42,7.0,727.0,80,198,44.0,117.0,44,58,18.0,93.0,44,21.0,17.0,33.0,51,248,True
11777,2572,Josh Howard,2003-04,10,1610612742,DAL,24.0,Forward-Guard,67,29.0,1587.0,229,532,20.0,66.0,97,138,149.0,219.0,97,69.0,54.0,67.0,168,575,False
11778,2572,Josh Howard,2004-05,10,1610612742,DAL,25.0,Forward-Guard,76,76.0,2448.0,377,793,34.0,115.0,170,232,169.0,315.0,109,116.0,49.0,122.0,211,958,False
11779,2572,Josh Howard,2005-06,10,1610612742,DAL,26.0,Forward-Guard,59,58.0,1915.0,350,743,27.0,63.0,196,267,123.0,248.0,111,68.0,26.0,79.0,167,923,False
11780,2572,Josh Howard,2006-07,10,1610612742,DAL,27.0,Forward-Guard,70,69.0,2455.0,493,1075,92.0,239.0,243,294,130.0,345.0,127,82.0,56.0,123.0,180,1321,False
11781,2572,Josh Howard,2007-08,10,1610612742,DAL,28.0,Forward-Guard,76,76.0,2757.0,567,1247,67.0,210.0,312,384,120.0,412.0,164,59.0,32.0,114.0,202,1513,False
11782,2572,Josh Howard,2008-09,10,1610612742,DAL,29.0,Forward-Guard,52,51.0,1663.0,353,783,58.0,168.0,172,220,59.0,204.0,83,55.0,30.0,89.0,135,936,False
11783,2572,Josh Howard,2009-10,10,1610612742,DAL,30.0,Forward-Guard,31,9.0,827.0,137,342,20.0,75.0,94,119,26.0,86.0,44,23.0,9.0,43.0,78,388,False
11784,2572,Josh Howard,2009-10,10,1610612764,WAS,30.0,Forward-Guard,4,3.0,91.0,20,46,3.0,11.0,15,20,4.0,9.0,4,3.0,2.0,3.0,13,58,False
11785,2572,Josh Howard,2009-10,10,0,TOT,30.0,Forward-Guard,35,12.0,918.0,157,388,23.0,86.0,109,139,30.0,95.0,48,26.0,11.0,46.0,91,446,False
11786,2572,Josh Howard,2010-11,10,1610612764,WAS,31.0,Forward-Guard,18,10.0,409.0,58,162,7.0,29.0,29,47,18.0,56.0,24,13.0,5.0,20.0,34,152,False
11787,2572,Josh Howard,2011-12,10,1610612762,UTA,32.0,Forward-Guard,43,18.0,991.0,144,361,9.0,37.0,75,97,39.0,119.0,50,32.0,10.0,53.0,91,372,False
11788,2572,Josh Howard,2012-13,10,1610612750,MIN,33.0,Forward-Guard,11,4.0,207.0,31,77,5.0,16.0,7,12,9.0,27.0,4,10.0,3.0,10.0,18,74,False
11828,1629739,William Howard,2019-20,2,1610612745,HOU,26.0,Forward-Guard,2,0.0,13.0,0,4,0.0,4.0,0,0,0.0,2.0,1,0.0,0.0,1.0,1,0,False
11995,1629631,De'Andre Hunter,2019-20,2,1610612737,ATL,22.0,Forward-Guard,63,62.0,2018.0,280,683,108.0,304.0,110,144,44.0,242.0,112,44.0,18.0,103.0,182,778,True
11996,1629631,De'Andre Hunter,2020-21,2,1610612737,ATL,23.0,Forward-Guard,23,19.0,678.0,120,248,31.0,95.0,73,85,17.0,93.0,44,19.0,12.0,29.0,59,344,True
11997,1629631,De'Andre Hunter,2021-22,2,1610612737,ATL,24.0,Forward-Guard,53,52.0,1577.0,254,575,74.0,195.0,127,166,26.0,150.0,68,36.0,21.0,69.0,155,709,True
12057,1628990,Chandler Hutchison,2018-19,4,1610612741,CHI,23.0,Forward-Guard,44,14.0,895.0,96,209,14.0,50.0,23,38,31.0,154.0,34,23.0,6.0,25.0,59,229,True
12058,1628990,Chandler Hutchison,2019-20,4,1610612741,CHI,24.0,Forward-Guard,28,10.0,527.0,80,175,12.0,38.0,46,78,18.0,90.0,26,27.0,7.0,27.0,47,218,True
12059,1628990,Chandler Hutchison,2020-21,4,1610612741,CHI,25.0,Forward-Guard,7,0.0,64.0,5,18,1.0,3.0,2,2,1.0,19.0,4,1.0,0.0,5.0,9,13,True
12060,1628990,Chandler Hutchison,2020-21,4,1610612764,WAS,25.0,Forward-Guard,18,1.0,282.0,34,85,7.0,19.0,19,23,5.0,53.0,13,11.0,5.0,15.0,24,94,True
12061,1628990,Chandler Hutchison,2020-21,4,0,TOT,25.0,Forward-Guard,25,1.0,346.0,39,103,8.0,22.0,21,25,6.0,72.0,17,12.0,5.0,20.0,33,107,True
12062,1628990,Chandler Hutchison,2021-22,4,1610612756,PHX,26.0,Forward-Guard,6,0.0,22.0,1,2,0.0,0.0,2,2,0.0,5.0,2,0.0,0.0,4.0,1,4,True
12162,204060,Joe Ingles,2014-15,7,1610612762,UTA,27.0,Forward-Guard,79,32.0,1673.0,147,354,72.0,202.0,30,40,22.0,153.0,182,72.0,10.0,98.0,124,396,True
12163,204060,Joe Ingles,2015-16,7,1610612762,UTA,28.0,Forward-Guard,81,2.0,1241.0,124,291,81.0,210.0,13,18,19.0,132.0,96,55.0,4.0,65.0,98,342,True
12164,204060,Joe Ingles,2016-17,7,1610612762,UTA,29.0,Forward-Guard,82,26.0,1972.0,204,451,123.0,279.0,50,68,23.0,238.0,225,96.0,8.0,107.0,163,581,True
12165,204060,Joe Ingles,2017-18,7,1610612762,UTA,30.0,Forward-Guard,82,81.0,2579.0,335,718,204.0,464.0,66,83,24.0,320.0,392,90.0,20.0,159.0,178,940,True
12166,204060,Joe Ingles,2018-19,7,1610612762,UTA,31.0,Forward-Guard,82,82.0,2568.0,359,802,189.0,483.0,87,123,35.0,295.0,469,98.0,20.0,193.0,180,994,True
12167,204060,Joe Ingles,2019-20,7,1610612762,UTA,32.0,Forward-Guard,72,45.0,2137.0,246,553,141.0,353.0,74,94,27.0,251.0,373,65.0,11.0,142.0,154,707,True
12168,204060,Joe Ingles,2020-21,7,1610612762,UTA,33.0,Forward-Guard,67,30.0,1867.0,275,562,183.0,406.0,76,90,27.0,217.0,318,45.0,12.0,117.0,120,809,True
12169,204060,Joe Ingles,2021-22,7,1610612762,UTA,34.0,Forward-Guard,45,15.0,1122.0,115,285,78.0,225.0,17,22,12.0,119.0,158,23.0,5.0,46.0,82,325,True
12319,754,Jim Jackson,1992-93,14,1610612742,DAL,22.0,Forward-Guard,28,28.0,938.0,184,466,21.0,73.0,68,92,42.0,80.0,131,40.0,11.0,115.0,80,457,False
12320,754,Jim Jackson,1993-94,14,1610612742,DAL,23.0,Forward-Guard,82,82.0,3066.0,637,1432,17.0,60.0,285,347,169.0,219.0,374,87.0,25.0,334.0,161,1576,False
12321,754,Jim Jackson,1994-95,14,1610612742,DAL,24.0,Forward-Guard,51,51.0,1982.0,484,1026,35.0,110.0,306,380,120.0,140.0,191,28.0,12.0,160.0,92,1309,False
12322,754,Jim Jackson,1995-96,14,1610612742,DAL,25.0,Forward-Guard,82,82.0,2820.0,569,1308,121.0,333.0,345,418,173.0,237.0,235,47.0,22.0,191.0,165,1604,False
12323,754,Jim Jackson,1996-97,14,1610612742,DAL,26.0,Forward-Guard,46,45.0,1675.0,260,588,46.0,139.0,148,188,81.0,146.0,156,57.0,15.0,107.0,113,714,False
12324,754,Jim Jackson,1996-97,14,1610612751,NJN,26.0,Forward-Guard,31,31.0,1155.0,184,441,40.0,108.0,104,122,51.0,133.0,160,29.0,17.0,101.0,81,512,False
12325,754,Jim Jackson,1996-97,14,0,TOT,26.0,Forward-Guard,77,76.0,2830.0,444,1029,86.0,247.0,252,310,132.0,279.0,316,86.0,32.0,208.0,194,1226,False
12326,754,Jim Jackson,1997-98,14,1610612755,PHI,27.0,Forward-Guard,48,47.0,1788.0,246,535,39.0,112.0,126,154,69.0,158.0,223,41.0,6.0,145.0,112,657,False
12327,754,Jim Jackson,1997-98,14,1610612744,GSW,27.0,Forward-Guard,31,31.0,1258.0,230,572,22.0,79.0,103,128,61.0,112.0,158,38.0,2.0,118.0,74,585,False
12328,754,Jim Jackson,1997-98,14,0,TOT,27.0,Forward-Guard,79,78.0,3046.0,476,1107,61.0,191.0,229,282,130.0,270.0,381,79.0,8.0,263.0,186,1242,False
12329,754,Jim Jackson,1998-99,14,1610612757,POR,28.0,Forward-Guard,49,9.0,1175.0,152,370,25.0,90.0,85,101,36.0,123.0,128,43.0,6.0,82.0,80,414,False
12330,754,Jim Jackson,1999-00,14,1610612737,ATL,29.0,Forward-Guard,79,76.0,2767.0,507,1235,117.0,303.0,186,212,101.0,293.0,230,57.0,10.0,185.0,167,1317,False
12331,754,Jim Jackson,2000-01,14,1610612737,ATL,30.0,Forward-Guard,17,14.0,551.0,77,217,16.0,38.0,73,85,17.0,62.0,50,19.0,4.0,48.0,42,243,False
12332,754,Jim Jackson,2000-01,14,1610612739,CLE,30.0,Forward-Guard,39,26.0,1140.0,162,415,10.0,42.0,66,84,36.0,109.0,113,34.0,6.0,82.0,97,400,False
12333,754,Jim Jackson,2000-01,14,0,TOT,30.0,Forward-Guard,56,40.0,1690.0,239,632,26.0,80.0,139,169,53.0,171.0,163,53.0,10.0,130.0,139,643,False
12334,754,Jim Jackson,2001-02,14,1610612748,MIA,31.0,Forward-Guard,55,19.0,1824.0,238,538,38.0,81.0,75,87,54.0,236.0,140,42.0,14.0,106.0,145,589,False
12335,754,Jim Jackson,2002-03,14,1610612758,SAC,32.0,Forward-Guard,63,0.0,1310.0,204,462,32.0,71.0,47,55,84.0,178.0,118,31.0,4.0,80.0,132,487,False
12336,754,Jim Jackson,2003-04,14,1610612745,HOU,33.0,Forward-Guard,80,80.0,3120.0,382,900,162.0,405.0,107,127,52.0,435.0,226,86.0,23.0,175.0,227,1033,False
12337,754,Jim Jackson,2004-05,14,1610612745,HOU,34.0,Forward-Guard,24,24.0,990.0,118,283,54.0,147.0,30,33,10.0,105.0,86,23.0,1.0,56.0,67,320,False
12338,754,Jim Jackson,2004-05,14,1610612756,PHX,34.0,Forward-Guard,40,3.0,998.0,130,299,68.0,148.0,24,25,23.0,131.0,97,12.0,4.0,59.0,86,352,False
12339,754,Jim Jackson,2004-05,14,0,TOT,34.0,Forward-Guard,64,27.0,1988.0,248,582,122.0,295.0,54,58,33.0,236.0,183,35.0,5.0,115.0,153,672,False
12340,754,Jim Jackson,2005-06,14,1610612756,PHX,35.0,Forward-Guard,27,1.0,420.0,38,129,14.0,63.0,9,13,11.0,53.0,31,10.0,6.0,30.0,46,99,False
12341,754,Jim Jackson,2005-06,14,1610612747,LAL,35.0,Forward-Guard,13,0.0,92.0,9,31,4.0,11.0,0,0,0.0,12.0,4,2.0,0.0,5.0,5,22,False
12342,754,Jim Jackson,2005-06,14,0,TOT,35.0,Forward-Guard,40,1.0,512.0,47,160,18.0,74.0,9,13,11.0,65.0,35,12.0,6.0,35.0,51,121,False
12369,2739,Luke Jackson,2004-05,5,1610612739,CLE,23.0,Forward-Guard,10,0.0,43.0,10,27,4.0,6.0,5,6,2.0,4.0,3,0.0,0.0,2.0,4,29,False
12370,2739,Luke Jackson,2005-06,5,1610612739,CLE,24.0,Forward-Guard,36,0.0,315.0,29,85,12.0,36.0,26,33,16.0,24.0,25,11.0,2.0,31.0,30,96,False
12371,2739,Luke Jackson,2006-07,5,1610612746,LAC,25.0,Forward-Guard,3,0.0,16.0,1,8,1.0,4.0,0,0,0.0,1.0,4,0.0,0.0,1.0,3,3,False
12372,2739,Luke Jackson,2006-07,5,1610612761,TOR,25.0,Forward-Guard,10,2.0,122.0,18,35,4.0,13.0,5,9,2.0,7.0,9,5.0,1.0,6.0,12,45,False
12373,2739,Luke Jackson,2006-07,5,0,TOT,25.0,Forward-Guard,13,2.0,138.0,19,43,5.0,17.0,5,9,2.0,8.0,13,5.0,1.0,7.0,15,48,False
12374,2739,Luke Jackson,2007-08,5,1610612748,MIA,26.0,Forward-Guard,14,1.0,228.0,26,80,11.0,30.0,16,23,7.0,26.0,17,8.0,0.0,9.0,22,79,False
12909,2035,DerMarr Johnson,2000-01,8,1610612737,ATL,21.0,Forward-Guard,78,21.0,1313.0,146,390,41.0,127.0,64,87,56.0,122.0,64,43.0,30.0,93.0,134,397,False
12910,2035,DerMarr Johnson,2001-02,8,1610612737,ATL,22.0,Forward-Guard,72,46.0,1727.0,214,540,89.0,247.0,85,105,59.0,188.0,81,62.0,56.0,102.0,163,602,False
12911,2035,DerMarr Johnson,2003-04,8,1610612752,NYK,24.0,Forward-Guard,21,1.0,287.0,36,97,13.0,36.0,28,31,5.0,34.0,11,8.0,7.0,16.0,32,113,False
12912,2035,DerMarr Johnson,2004-05,8,1610612743,DEN,25.0,Forward-Guard,71,40.0,1232.0,185,371,53.0,148.0,80,101,43.0,108.0,75,43.0,18.0,65.0,140,503,False
12913,2035,DerMarr Johnson,2005-06,8,1610612743,DEN,26.0,Forward-Guard,58,21.0,924.0,132,306,56.0,160.0,34,42,19.0,77.0,55,25.0,26.0,46.0,86,354,False
12914,2035,DerMarr Johnson,2006-07,8,1610612743,DEN,27.0,Forward-Guard,39,7.0,419.0,50,154,19.0,88.0,16,21,10.0,47.0,17,16.0,12.0,27.0,39,135,False
12915,2035,DerMarr Johnson,2007-08,8,1610612759,SAS,28.0,Forward-Guard,5,0.0,28.0,7,14,3.0,9.0,0,2,0.0,1.0,1,1.0,0.0,0.0,4,17,False
13074,1629640,Keldon Johnson,2019-20,2,1610612759,SAS,20.0,Forward-Guard,17,1.0,301.0,53,89,13.0,22.0,35,44,10.0,47.0,15,14.0,2.0,13.0,28,154,True
13075,1629640,Keldon Johnson,2020-21,2,1610612759,SAS,21.0,Forward-Guard,69,67.0,1968.0,338,705,60.0,181.0,145,196,93.0,319.0,121,40.0,24.0,78.0,142,881,True
13076,1629640,Keldon Johnson,2021-22,2,1610612759,SAS,22.0,Forward-Guard,75,74.0,2392.0,471,1011,159.0,399.0,177,234,80.0,377.0,158,58.0,14.0,92.0,148,1278,True
13135,77142,Magic Johnson,1995-96,13,1610612747,LAL,36.0,Forward-Guard,32,9.0,958.0,137,294,22.0,58.0,172,201,40.0,143.0,220,26.0,13.0,103.0,48,468,False
13200,1626169,Stanley Johnson,2015-16,6,1610612765,DET,20.0,Forward-Guard,73,6.0,1687.0,225,600,63.0,205.0,80,102,58.0,248.0,118,55.0,12.0,114.0,178,593,True
13201,1626169,Stanley Johnson,2016-17,6,1610612765,DET,21.0,Forward-Guard,77,1.0,1371.0,129,365,45.0,154.0,36,53,36.0,153.0,105,56.0,24.0,71.0,121,339,True
13202,1626169,Stanley Johnson,2017-18,6,1610612765,DET,22.0,Forward-Guard,69,50.0,1894.0,210,560,67.0,234.0,112,145,33.0,219.0,112,95.0,14.0,77.0,169,599,True
13203,1626169,Stanley Johnson,2018-19,6,1610612765,DET,23.0,Forward-Guard,48,7.0,961.0,133,349,51.0,181.0,41,51,25.0,150.0,60,48.0,13.0,55.0,92,358,True
13204,1626169,Stanley Johnson,2018-19,6,1610612740,NOP,23.0,Forward-Guard,18,0.0,247.0,38,91,11.0,34.0,9,13,9.0,33.0,28,12.0,1.0,26.0,22,96,True
13205,1626169,Stanley Johnson,2018-19,6,0,TOT,23.0,Forward-Guard,66,7.0,1207.0,171,440,62.0,215.0,50,64,34.0,183.0,88,60.0,14.0,81.0,114,454,True
13206,1626169,Stanley Johnson,2019-20,6,1610612761,TOR,24.0,Forward-Guard,25,0.0,150.0,22,59,7.0,24.0,9,16,7.0,30.0,20,6.0,4.0,15.0,16,60,True
13207,1626169,Stanley Johnson,2020-21,6,1610612761,TOR,25.0,Forward-Guard,61,13.0,1006.0,89,233,45.0,137.0,44,55,29.0,124.0,89,52.0,18.0,54.0,116,267,True
13208,1626169,Stanley Johnson,2021-22,6,1610612747,LAL,26.0,Forward-Guard,48,27.0,1094.0,117,251,33.0,105.0,53,74,34.0,121.0,80,43.0,14.0,35.0,109,320,True
13258,202325,Wesley Johnson,2010-11,10,1610612750,MIN,23.0,Forward-Guard,79,63.0,2069.0,271,682,103.0,289.0,64,92,51.0,189.0,148,58.0,54.0,95.0,163,709,False
13259,202325,Wesley Johnson,2011-12,10,1610612750,MIN,24.0,Forward-Guard,65,64.0,1469.0,158,397,53.0,169.0,24,34,24.0,153.0,59,35.0,48.0,60.0,115,393,False
13260,202325,Wesley Johnson,2012-13,10,1610612756,PHX,25.0,Forward-Guard,50,21.0,953.0,161,396,50.0,155.0,27,35,21.0,102.0,34,22.0,18.0,48.0,56,399,False
13261,202325,Wesley Johnson,2013-14,10,1610612747,LAL,26.0,Forward-Guard,79,62.0,2240.0,277,651,100.0,271.0,61,77,70.0,278.0,124,86.0,77.0,90.0,207,715,False
13262,202325,Wesley Johnson,2014-15,10,1610612747,LAL,27.0,Forward-Guard,76,59.0,2245.0,286,691,91.0,259.0,90,112,67.0,252.0,124,59.0,45.0,87.0,162,753,False
13263,202325,Wesley Johnson,2015-16,10,1610612746,LAC,28.0,Forward-Guard,80,9.0,1666.0,208,515,103.0,309.0,30,46,37.0,211.0,49,89.0,56.0,54.0,173,549,False
13264,202325,Wesley Johnson,2016-17,10,1610612746,LAC,29.0,Forward-Guard,68,3.0,810.0,73,200,29.0,118.0,11,17,26.0,155.0,23,29.0,30.0,18.0,83,186,False
13265,202325,Wesley Johnson,2017-18,10,1610612746,LAC,30.0,Forward-Guard,74,40.0,1486.0,150,368,60.0,177.0,43,58,29.0,187.0,61,76.0,62.0,55.0,146,403,False
13266,202325,Wesley Johnson,2018-19,10,1610612740,NOP,31.0,Forward-Guard,26,13.0,377.0,35,88,19.0,50.0,6,9,10.0,44.0,16,12.0,7.0,12.0,45,95,False
13267,202325,Wesley Johnson,2018-19,10,1610612764,WAS,31.0,Forward-Guard,12,0.0,157.0,10,40,6.0,26.0,7,10,2.0,16.0,7,2.0,5.0,6.0,18,33,False
13268,202325,Wesley Johnson,2018-19,10,0,TOT,31.0,Forward-Guard,38,13.0,534.0,45,128,25.0,76.0,13,19,12.0,60.0,23,14.0,12.0,18.0,63,128,False
14097,1628994,George King,2018-19,1,1610612756,PHX,25.0,Forward-Guard,1,0.0,6.0,0,0,0.0,0.0,0,0,0.0,1.0,0,0.0,0.0,0.0,0,0,True
14098,1628994,George King,2021-22,1,1610612742,DAL,28.0,Forward-Guard,4,0.0,19.0,0,5,0.0,4.0,1,2,0.0,5.0,0,0.0,0.0,1.0,4,1,True
15255,1629642,Nassir Little,2019-20,2,1610612757,POR,20.0,Forward-Guard,48,5.0,572.0,65,151,14.0,59.0,28,44,31.0,77.0,22,13.0,14.0,15.0,72,172,True
15256,1629642,Nassir Little,2020-21,2,1610612757,POR,21.0,Forward-Guard,48,2.0,640.0,78,167,28.0,80.0,36,45,32.0,96.0,23,5.0,13.0,18.0,51,220,True
15257,1629642,Nassir Little,2021-22,2,1610612757,POR,22.0,Forward-Guard,42,23.0,1088.0,145,315,51.0,154.0,69,94,58.0,178.0,54,25.0,36.0,40.0,82,410,True
18658,1838,Tyrone Nesby,1998-99,4,1610612746,LAC,23.0,Forward-Guard,50,36.0,1288.0,182,405,35.0,96.0,104,133,57.0,118.0,82,77.0,20.0,53.0,143,503,False
18659,1838,Tyrone Nesby,1999-00,4,1610612746,LAC,24.0,Forward-Guard,73,39.0,2317.0,364,915,94.0,281.0,151,191,82.0,193.0,121,75.0,31.0,102.0,205,973,False
18660,1838,Tyrone Nesby,2000-01,4,1610612746,LAC,25.0,Forward-Guard,14,12.0,332.0,40,123,10.0,46.0,18,23,16.0,26.0,11,10.0,4.0,10.0,28,108,False
18661,1838,Tyrone Nesby,2000-01,4,1610612764,WAS,25.0,Forward-Guard,48,22.0,1224.0,149,407,39.0,134.0,67,83,35.0,96.0,65,41.0,16.0,55.0,127,404,False
18662,1838,Tyrone Nesby,2000-01,4,0,TOT,25.0,Forward-Guard,62,34.0,1556.0,189,530,49.0,180.0,85,106,51.0,122.0,76,51.0,20.0,65.0,155,512,False
18663,1838,Tyrone Nesby,2001-02,4,1610612764,WAS,26.0,Forward-Guard,70,9.0,1499.0,183,421,13.0,47.0,64,93,105.0,213.0,91,61.0,22.0,49.0,164,443,False
18862,200786,David Noel,2006-07,2,1610612749,MIL,23.0,Forward-Guard,68,0.0,792.0,65,177,17.0,53.0,37,43,42.0,81.0,65,25.0,9.0,40.0,77,184,False
19239,1629059,Elie Okobo,2018-19,3,1610612756,PHX,21.0,Forward-Guard,53,16.0,958.0,114,290,39.0,132.0,37,47,12.0,86.0,127,32.0,7.0,69.0,109,304,False
19240,1629059,Elie Okobo,2019-20,3,1610612756,PHX,22.0,Forward-Guard,55,3.0,719.0,72,181,25.0,71.0,50,71,16.0,74.0,115,24.0,4.0,38.0,54,219,False
19247,1630171,Isaac Okoro,2020-21,1,1610612739,CLE,20.0,Forward-Guard,67,67.0,2173.0,235,559,62.0,214.0,114,157,68.0,138.0,128,62.0,24.0,86.0,185,646,True
19248,1630171,Isaac Okoro,2021-22,1,1610612739,CLE,21.0,Forward-Guard,67,61.0,1981.0,207,431,55.0,157.0,119,155,72.0,129.0,121,56.0,22.0,58.0,164,588,True
19249,1629644,KZ Okpala,2019-20,2,1610612748,MIA,21.0,Forward-Guard,5,0.0,26.0,3,5,0.0,1.0,1,2,1.0,4.0,1,2.0,1.0,1.0,2,7,True
19250,1629644,KZ Okpala,2020-21,2,1610612748,MIA,22.0,Forward-Guard,37,9.0,447.0,36,96,12.0,50.0,8,15,21.0,47.0,19,10.0,11.0,15.0,59,92,True
19251,1629644,KZ Okpala,2021-22,2,1610612748,MIA,23.0,Forward-Guard,21,0.0,244.0,30,69,9.0,26.0,8,11,11.0,30.0,14,4.0,7.0,5.0,25,77,True
19448,1626162,Kelly Oubre Jr.,2015-16,6,1610612764,WAS,20.0,Forward-Guard,63,9.0,671.0,90,211,25.0,79.0,31,49,25.0,108.0,13,22.0,7.0,34.0,100,236,True
19449,1626162,Kelly Oubre Jr.,2016-17,6,1610612764,WAS,21.0,Forward-Guard,79,5.0,1605.0,186,442,54.0,188.0,75,99,61.0,200.0,47,58.0,17.0,50.0,195,501,True
19450,1626162,Kelly Oubre Jr.,2017-18,6,1610612764,WAS,22.0,Forward-Guard,81,11.0,2231.0,318,790,126.0,369.0,191,233,59.0,304.0,98,80.0,35.0,90.0,234,953,True
19451,1626162,Kelly Oubre Jr.,2018-19,6,1610612764,WAS,23.0,Forward-Guard,29,7.0,755.0,132,305,41.0,132.0,68,85,24.0,105.0,20,27.0,20.0,30.0,71,373,True
19452,1626162,Kelly Oubre Jr.,2018-19,6,1610612756,PHX,23.0,Forward-Guard,40,12.0,1180.0,243,537,67.0,206.0,121,159,47.0,149.0,64,57.0,39.0,73.0,110,674,True
19453,1626162,Kelly Oubre Jr.,2018-19,6,0,TOT,23.0,Forward-Guard,69,19.0,1935.0,375,842,108.0,338.0,189,244,71.0,254.0,84,84.0,59.0,103.0,181,1047,True
19454,1626162,Kelly Oubre Jr.,2019-20,6,1610612756,PHX,24.0,Forward-Guard,56,55.0,1933.0,373,826,108.0,307.0,192,246,67.0,294.0,85,71.0,40.0,83.0,192,1046,True
19455,1626162,Kelly Oubre Jr.,2020-21,6,1610612744,GSW,25.0,Forward-Guard,55,50.0,1688.0,318,724,90.0,285.0,123,177,82.0,247.0,73,57.0,42.0,70.0,121,849,True
19456,1626162,Kelly Oubre Jr.,2021-22,6,1610612766,CHA,26.0,Forward-Guard,76,13.0,1999.0,410,932,191.0,553.0,126,189,79.0,223.0,84,77.0,31.0,67.0,189,1137,True
19510,182,Billy Owens,1992-93,11,1610612744,GOS,24.0,Forward-Guard,37,37.0,1201.0,247,493,1.0,11.0,117,183,108.0,156.0,144,35.0,28.0,106.0,105,612,False
19511,182,Billy Owens,1993-94,11,1610612744,GOS,25.0,Forward-Guard,79,72.0,2738.0,492,971,3.0,15.0,199,326,230.0,410.0,326,83.0,60.0,214.0,269,1186,False
19512,182,Billy Owens,1994-95,11,1610612748,MIA,26.0,Forward-Guard,70,60.0,2296.0,403,820,2.0,22.0,194,313,203.0,299.0,246,80.0,30.0,204.0,205,1002,False
19513,182,Billy Owens,1995-96,11,1610612748,MIA,27.0,Forward-Guard,40,40.0,1388.0,239,473,0.0,6.0,112,177,94.0,192.0,134,30.0,22.0,113.0,132,590,False
19514,182,Billy Owens,1995-96,11,1610612758,SAC,27.0,Forward-Guard,22,11.0,594.0,84,200,5.0,12.0,45,70,49.0,76.0,70,19.0,16.0,51.0,60,218,False
19515,182,Billy Owens,1995-96,11,0,TOT,27.0,Forward-Guard,62,51.0,1982.0,323,673,5.0,18.0,157,247,143.0,268.0,204,49.0,38.0,164.0,192,808,False
19516,182,Billy Owens,1996-97,11,1610612758,SAC,28.0,Forward-Guard,66,56.0,1991.0,299,640,25.0,72.0,101,145,134.0,258.0,187,62.0,25.0,133.0,187,724,False
19517,182,Billy Owens,1997-98,11,1610612758,SAC,29.0,Forward-Guard,78,78.0,2348.0,338,728,26.0,70.0,116,197,170.0,412.0,219,93.0,38.0,153.0,231,818,False
19518,182,Billy Owens,1998-99,11,1610612760,SEA,30.0,Forward-Guard,21,19.0,451.0,65,165,5.0,11.0,28,35,35.0,45.0,38,12.0,4.0,33.0,37,163,False
19519,182,Billy Owens,1999-00,11,1610612755,PHI,31.0,Forward-Guard,46,7.0,919.0,112,258,9.0,27.0,38,64,63.0,129.0,59,26.0,16.0,61.0,119,271,False
19520,182,Billy Owens,1999-00,11,1610612744,GSW,31.0,Forward-Guard,16,4.0,386.0,38,100,2.0,7.0,25,42,36.0,73.0,38,7.0,5.0,24.0,47,103,False
19521,182,Billy Owens,1999-00,11,0,TOT,31.0,Forward-Guard,62,11.0,1305.0,150,358,11.0,34.0,63,106,99.0,202.0,97,33.0,21.0,85.0,166,374,False
19522,182,Billy Owens,2000-01,11,1610612765,DET,32.0,Forward-Guard,45,14.0,796.0,88,230,3.0,20.0,19,40,84.0,121.0,55,32.0,12.0,39.0,93,198,False
19532,202082,Larry Owens,2010-11,2,1610612759,SAS,28.0,Forward-Guard,7,0.0,31.0,3,6,1.0,3.0,2,4,0.0,4.0,1,2.0,0.0,0.0,4,9,False
19533,202082,Larry Owens,2010-11,2,1610612764,WAS,28.0,Forward-Guard,5,0.0,112.0,12,26,5.0,10.0,2,5,1.0,10.0,7,7.0,5.0,5.0,14,31,False
19534,202082,Larry Owens,2010-11,2,0,TOT,28.0,Forward-Guard,12,0.0,143.0,15,32,6.0,13.0,4,9,1.0,14.0,8,9.0,5.0,5.0,18,40,False
19535,202082,Larry Owens,2011-12,2,1610612751,NJN,29.0,Forward-Guard,7,0.0,75.0,4,11,2.0,5.0,3,4,2.0,11.0,4,0.0,1.0,2.0,10,13,False
20351,937,Scottie Pippen,1992-93,18,1610612741,CHI,27.0,Forward-Guard,81,81.0,3123.0,628,1327,22.0,93.0,232,350,203.0,418.0,507,173.0,73.0,246.0,219,1510,False
20352,937,Scottie Pippen,1993-94,18,1610612741,CHI,28.0,Forward-Guard,72,72.0,2759.0,627,1278,63.0,197.0,270,409,173.0,456.0,403,211.0,58.0,232.0,227,1587,False
20353,937,Scottie Pippen,1994-95,18,1610612741,CHI,29.0,Forward-Guard,79,79.0,3014.0,634,1320,109.0,316.0,315,440,175.0,464.0,409,232.0,89.0,271.0,238,1692,False
20354,937,Scottie Pippen,1995-96,18,1610612741,CHI,30.0,Forward-Guard,77,77.0,2825.0,563,1216,150.0,401.0,220,324,152.0,344.0,452,133.0,57.0,207.0,198,1496,False
20355,937,Scottie Pippen,1996-97,18,1610612741,CHI,31.0,Forward-Guard,82,82.0,3094.0,648,1366,156.0,424.0,204,291,160.0,371.0,467,154.0,45.0,214.0,213,1656,False
20356,937,Scottie Pippen,1997-98,18,1610612741,CHI,32.0,Forward-Guard,44,44.0,1652.0,315,704,61.0,192.0,150,193,53.0,174.0,254,79.0,43.0,109.0,116,841,False
20357,937,Scottie Pippen,1998-99,18,1610612745,HOU,33.0,Forward-Guard,50,50.0,2011.0,261,604,72.0,212.0,132,183,63.0,260.0,293,98.0,37.0,159.0,118,726,False
20358,937,Scottie Pippen,1999-00,18,1610612757,POR,34.0,Forward-Guard,82,82.0,2749.0,388,860,86.0,263.0,160,223,114.0,399.0,406,117.0,41.0,208.0,208,1022,False
20359,937,Scottie Pippen,2000-01,18,1610612757,POR,35.0,Forward-Guard,64,60.0,2133.0,269,596,64.0,186.0,119,161,70.0,263.0,294,94.0,35.0,154.0,158,721,False
20360,937,Scottie Pippen,2001-02,18,1610612757,POR,36.0,Forward-Guard,62,60.0,1996.0,246,599,54.0,177.0,113,146,77.0,244.0,363,101.0,35.0,171.0,162,659,False
20361,937,Scottie Pippen,2002-03,18,1610612757,POR,37.0,Forward-Guard,64,58.0,1911.0,265,597,38.0,133.0,121,148,57.0,221.0,285,105.0,25.0,164.0,149,689,False
20362,937,Scottie Pippen,2003-04,18,1610612741,CHI,38.0,Forward-Guard,23,6.0,412.0,53,140,13.0,48.0,17,27,20.0,48.0,50,21.0,9.0,29.0,38,136,False
21088,1629629,Cam Reddish,2019-20,2,1610612737,ATL,20.0,Forward-Guard,58,34.0,1551.0,213,554,83.0,250.0,101,126,35.0,181.0,87,62.0,28.0,96.0,132,610,True
21089,1629629,Cam Reddish,2020-21,2,1610612737,ATL,21.0,Forward-Guard,26,21.0,750.0,96,263,33.0,126.0,67,82,22.0,82.0,35,33.0,9.0,34.0,68,292,True
21090,1629629,Cam Reddish,2021-22,2,1610612737,ATL,22.0,Forward-Guard,34,7.0,797.0,138,343,58.0,153.0,72,80,20.0,64.0,38,35.0,11.0,44.0,45,406,True
21091,1629629,Cam Reddish,2021-22,2,1610612752,NYK,22.0,Forward-Guard,15,0.0,216.0,27,65,8.0,31.0,29,32,5.0,16.0,10,12.0,4.0,13.0,15,91,True
21092,1629629,Cam Reddish,2021-22,2,0,TOT,22.0,Forward-Guard,49,7.0,1012.0,165,408,66.0,184.0,101,112,25.0,80.0,48,47.0,15.0,57.0,60,497,True
21274,779,Glen Rice,1992-93,15,1610612748,MIA,26.0,Forward-Guard,82,82.0,3082.0,582,1324,148.0,386.0,242,295,92.0,332.0,180,92.0,25.0,157.0,201,1554,False
21275,779,Glen Rice,1993-94,15,1610612748,MIA,27.0,Forward-Guard,81,81.0,2999.0,663,1421,132.0,346.0,250,284,76.0,358.0,184,110.0,32.0,130.0,186,1708,False
21276,779,Glen Rice,1994-95,15,1610612748,MIA,28.0,Forward-Guard,82,82.0,3014.0,667,1403,185.0,451.0,312,365,99.0,279.0,192,112.0,14.0,153.0,203,1831,False
21277,779,Glen Rice,1995-96,15,1610612766,CHH,29.0,Forward-Guard,79,79.0,3142.0,610,1296,171.0,403.0,319,381,86.0,292.0,232,91.0,19.0,163.0,217,1710,False
21278,779,Glen Rice,1996-97,15,1610612766,CHH,30.0,Forward-Guard,79,78.0,3359.0,722,1513,207.0,440.0,464,535,67.0,251.0,160,72.0,26.0,177.0,190,2115,False
21279,779,Glen Rice,1997-98,15,1610612766,CHH,31.0,Forward-Guard,82,82.0,3295.0,634,1386,130.0,300.0,428,504,89.0,264.0,182,77.0,22.0,182.0,200,1826,False
21280,779,Glen Rice,1998-99,15,1610612747,LAL,32.0,Forward-Guard,27,25.0,985.0,171,396,53.0,135.0,77,90,9.0,90.0,71,17.0,6.0,45.0,67,472,False
21281,779,Glen Rice,1999-00,15,1610612747,LAL,33.0,Forward-Guard,80,80.0,2530.0,421,980,84.0,229.0,346,396,56.0,271.0,176,47.0,12.0,114.0,179,1272,False
21282,779,Glen Rice,2000-01,15,1610612752,NYK,34.0,Forward-Guard,75,25.0,2212.0,331,752,82.0,211.0,155,182,61.0,246.0,89,41.0,13.0,96.0,179,899,False
21283,779,Glen Rice,2001-02,15,1610612745,HOU,35.0,Forward-Guard,20,20.0,607.0,65,167,18.0,64.0,24,30,5.0,42.0,31,12.0,3.0,24.0,34,172,False
21284,779,Glen Rice,2002-03,15,1610612745,HOU,36.0,Forward-Guard,62,26.0,1534.0,196,457,101.0,254.0,63,83,28.0,126.0,65,23.0,5.0,55.0,99,556,False
21285,779,Glen Rice,2003-04,15,1610612746,LAC,37.0,Forward-Guard,18,0.0,261.0,22,76,5.0,28.0,17,17,9.0,32.0,24,6.0,0.0,13.0,22,66,False
22065,2624,Quinton Ross,2004-05,7,1610612746,LAC,24.0,Forward-Guard,78,19.0,1654.0,161,373,1.0,4.0,74,110,59.0,151.0,109,51.0,22.0,54.0,165,397,False
22066,2624,Quinton Ross,2005-06,7,1610612746,LAC,25.0,Forward-Guard,67,45.0,1515.0,130,308,0.0,7.0,57,75,38.0,132.0,79,51.0,16.0,47.0,155,317,False
22067,2624,Quinton Ross,2006-07,7,1610612746,LAC,26.0,Forward-Guard,81,43.0,1700.0,177,379,2.0,10.0,68,87,60.0,130.0,86,70.0,32.0,33.0,179,424,False
22068,2624,Quinton Ross,2007-08,7,1610612746,LAC,27.0,Forward-Guard,76,44.0,1505.0,131,335,9.0,21.0,40,60,54.0,118.0,88,43.0,33.0,29.0,132,311,False
22069,2624,Quinton Ross,2008-09,7,1610612763,MEM,28.0,Forward-Guard,68,7.0,1164.0,99,259,33.0,88.0,34,42,29.0,97.0,47,32.0,14.0,36.0,114,265,False
22070,2624,Quinton Ross,2009-10,7,1610612742,DAL,29.0,Forward-Guard,27,7.0,301.0,23,56,3.0,13.0,5,8,11.0,16.0,7,7.0,4.0,3.0,34,54,False
22071,2624,Quinton Ross,2009-10,7,1610612764,WAS,29.0,Forward-Guard,25,0.0,261.0,17,55,1.0,8.0,3,6,6.0,16.0,5,6.0,2.0,8.0,35,38,False
22072,2624,Quinton Ross,2009-10,7,0,TOT,29.0,Forward-Guard,52,7.0,562.0,40,111,4.0,21.0,8,14,17.0,32.0,12,13.0,6.0,11.0,69,92,False
22073,2624,Quinton Ross,2010-11,7,1610612751,NJN,30.0,Forward-Guard,36,4.0,353.0,26,59,0.0,3.0,5,14,10.0,20.0,10,3.0,6.0,7.0,40,57,False
22813,200757,Thabo Sefolosha,2006-07,15,1610612741,CHI,23.0,Forward-Guard,71,4.0,868.0,109,256,15.0,42.0,23,45,35.0,118.0,60,33.0,11.0,60.0,100,256,False
22814,200757,Thabo Sefolosha,2007-08,15,1610612741,CHI,24.0,Forward-Guard,69,22.0,1436.0,180,421,29.0,88.0,75,104,50.0,205.0,129,61.0,30.0,93.0,128,464,False
22815,200757,Thabo Sefolosha,2008-09,15,1610612741,CHI,25.0,Forward-Guard,43,14.0,735.0,79,182,15.0,50.0,21,25,26.0,97.0,65,35.0,19.0,37.0,50,194,False
22816,200757,Thabo Sefolosha,2008-09,15,1610612760,OKC,25.0,Forward-Guard,23,22.0,718.0,73,175,9.0,37.0,40,48,28.0,91.0,46,40.0,26.0,27.0,54,195,False
22817,200757,Thabo Sefolosha,2008-09,15,0,TOT,25.0,Forward-Guard,66,36.0,1453.0,152,357,24.0,87.0,61,73,54.0,188.0,111,75.0,45.0,64.0,104,389,False
22818,200757,Thabo Sefolosha,2009-10,15,1610612760,OKC,26.0,Forward-Guard,82,82.0,2348.0,194,441,41.0,131.0,60,89,76.0,311.0,145,97.0,46.0,90.0,154,489,False
22819,200757,Thabo Sefolosha,2010-11,15,1610612760,OKC,27.0,Forward-Guard,79,79.0,2049.0,157,333,28.0,102.0,59,79,65.0,281.0,111,97.0,38.0,55.0,171,401,False
22820,200757,Thabo Sefolosha,2011-12,15,1610612760,OKC,28.0,Forward-Guard,42,42.0,914.0,67,155,31.0,71.0,38,43,21.0,107.0,47,37.0,17.0,40.0,78,203,False
22821,200757,Thabo Sefolosha,2012-13,15,1610612760,OKC,29.0,Forward-Guard,81,81.0,2229.0,224,466,108.0,258.0,57,69,58.0,259.0,125,103.0,44.0,64.0,177,613,False
22822,200757,Thabo Sefolosha,2013-14,15,1610612760,OKC,30.0,Forward-Guard,61,61.0,1584.0,141,340,48.0,152.0,53,69,50.0,170.0,94,79.0,17.0,55.0,90,383,False
22823,200757,Thabo Sefolosha,2014-15,15,1610612737,ATL,31.0,Forward-Guard,52,7.0,976.0,104,249,25.0,78.0,45,58,53.0,170.0,75,53.0,21.0,38.0,67,278,False
22824,200757,Thabo Sefolosha,2015-16,15,1610612737,ATL,32.0,Forward-Guard,75,11.0,1758.0,188,371,42.0,123.0,62,99,52.0,282.0,107,85.0,37.0,68.0,109,480,False
22825,200757,Thabo Sefolosha,2016-17,15,1610612737,ATL,33.0,Forward-Guard,62,42.0,1596.0,174,395,41.0,120.0,55,75,54.0,216.0,107,96.0,31.0,58.0,97,444,False
22826,200757,Thabo Sefolosha,2017-18,15,1610612762,UTA,34.0,Forward-Guard,38,6.0,806.0,118,240,32.0,84.0,44,54,29.0,132.0,33,52.0,12.0,30.0,59,312,False
22827,200757,Thabo Sefolosha,2018-19,15,1610612762,UTA,35.0,Forward-Guard,50,2.0,609.0,71,149,34.0,78.0,14,22,8.0,115.0,27,43.0,5.0,25.0,41,190,False
22828,200757,Thabo Sefolosha,2019-20,15,1610612745,HOU,36.0,Forward-Guard,41,0.0,436.0,37,91,15.0,54.0,3,8,21.0,72.0,25,24.0,12.0,15.0,43,92,False
23298,1629686,Deividas Sirvydis,2020-21,1,1610612765,DET,21.0,Forward-Guard,20,0.0,133.0,14,40,10.0,28.0,3,6,0.0,29.0,5,2.0,0.0,5.0,9,41,False
23299,1629686,Deividas Sirvydis,2021-22,1,1610612765,DET,22.0,Forward-Guard,3,0.0,27.0,1,10,1.0,7.0,0,0,0.0,6.0,1,3.0,1.0,0.0,4,3,False
23857,2745,Kirk Snyder,2004-05,5,1610612762,UTA,22.0,Forward-Guard,68,7.0,905.0,122,328,30.0,85.0,64,96,50.0,71.0,36,26.0,19.0,58.0,116,338,False
23858,2745,Kirk Snyder,2005-06,5,1610612740,NOK,23.0,Forward-Guard,68,45.0,1310.0,205,453,46.0,129.0,86,117,55.0,106.0,102,29.0,23.0,70.0,106,542,False
23859,2745,Kirk Snyder,2006-07,5,1610612745,HOU,24.0,Forward-Guard,39,1.0,563.0,66,146,11.0,44.0,49,75,17.0,66.0,39,11.0,12.0,26.0,51,192,False
23860,2745,Kirk Snyder,2007-08,5,1610612745,HOU,25.0,Forward-Guard,9,0.0,81.0,13,28,2.0,9.0,6,11,5.0,7.0,8,1.0,1.0,4.0,6,34,False
23861,2745,Kirk Snyder,2007-08,5,1610612750,MIN,25.0,Forward-Guard,27,18.0,680.0,83,161,3.0,14.0,58,77,25.0,89.0,56,19.0,14.0,48.0,49,227,False
23862,2745,Kirk Snyder,2007-08,5,0,TOT,25.0,Forward-Guard,36,18.0,761.0,96,189,5.0,23.0,64,88,30.0,96.0,64,20.0,15.0,52.0,55,261,False
24163,2052,DeShawn Stevenson,2000-01,14,1610612762,UTA,20.0,Forward-Guard,40,2.0,296.0,31,91,1.0,12.0,26,38,9.0,19.0,18,10.0,2.0,28.0,29,89,False
24164,2052,DeShawn Stevenson,2001-02,14,1610612762,UTA,21.0,Forward-Guard,67,23.0,1131.0,143,371,2.0,25.0,37,53,44.0,87.0,116,29.0,24.0,68.0,82,325,False
24165,2052,DeShawn Stevenson,2002-03,14,1610612762,UTA,22.0,Forward-Guard,61,8.0,761.0,114,284,4.0,12.0,47,68,22.0,63.0,40,22.0,8.0,49.0,57,279,False
24166,2052,DeShawn Stevenson,2003-04,14,1610612762,UTA,23.0,Forward-Guard,54,54.0,1515.0,261,586,7.0,30.0,89,133,43.0,135.0,92,28.0,16.0,80.0,86,618,False
24167,2052,DeShawn Stevenson,2003-04,14,1610612753,ORL,23.0,Forward-Guard,26,24.0,933.0,115,285,12.0,41.0,49,71,36.0,84.0,66,24.0,1.0,40.0,54,291,False
24168,2052,DeShawn Stevenson,2003-04,14,0,TOT,23.0,Forward-Guard,80,78.0,2448.0,376,871,19.0,71.0,138,204,79.0,219.0,158,52.0,17.0,120.0,140,909,False
24169,2052,DeShawn Stevenson,2004-05,14,1610612753,ORL,24.0,Forward-Guard,55,27.0,1087.0,174,426,25.0,67.0,56,101,38.0,64.0,69,16.0,9.0,57.0,73,429,False
24170,2052,DeShawn Stevenson,2005-06,14,1610612753,ORL,25.0,Forward-Guard,82,82.0,2648.0,359,781,2.0,15.0,180,242,59.0,182.0,160,58.0,17.0,123.0,178,900,False
24171,2052,DeShawn Stevenson,2006-07,14,1610612764,WAS,26.0,Forward-Guard,82,82.0,2419.0,347,753,74.0,183.0,152,216,55.0,161.0,218,65.0,19.0,119.0,155,920,False
24172,2052,DeShawn Stevenson,2007-08,14,1610612764,WAS,27.0,Forward-Guard,82,82.0,2564.0,301,780,158.0,413.0,157,197,37.0,198.0,252,65.0,15.0,102.0,110,917,False
24173,2052,DeShawn Stevenson,2008-09,14,1610612764,WAS,28.0,Forward-Guard,32,25.0,886.0,72,231,35.0,129.0,32,60,11.0,65.0,98,21.0,2.0,32.0,43,211,False
24174,2052,DeShawn Stevenson,2009-10,14,1610612764,WAS,29.0,Forward-Guard,40,13.0,616.0,29,103,11.0,62.0,18,25,7.0,58.0,44,11.0,5.0,24.0,51,87,False
24175,2052,DeShawn Stevenson,2009-10,14,1610612742,DAL,29.0,Forward-Guard,24,5.0,267.0,17,60,8.0,25.0,7,10,4.0,22.0,12,5.0,1.0,6.0,23,49,False
24176,2052,DeShawn Stevenson,2009-10,14,0,TOT,29.0,Forward-Guard,64,18.0,883.0,46,163,19.0,87.0,25,35,11.0,80.0,56,16.0,6.0,30.0,74,136,False
24177,2052,DeShawn Stevenson,2010-11,14,1610612742,DAL,30.0,Forward-Guard,72,54.0,1158.0,128,330,94.0,249.0,33,43,20.0,86.0,77,21.0,5.0,44.0,71,383,False
24178,2052,DeShawn Stevenson,2011-12,14,1610612751,NJN,31.0,Forward-Guard,51,30.0,960.0,49,172,41.0,145.0,9,16,7.0,94.0,41,19.0,4.0,19.0,59,148,False
24179,2052,DeShawn Stevenson,2012-13,14,1610612737,ATL,32.0,Forward-Guard,56,31.0,1158.0,98,262,76.0,209.0,12,23,18.0,104.0,52,29.0,6.0,23.0,69,284,False
24283,2852,Awvee Storey,2004-05,4,1610612751,NJN,28.0,Forward-Guard,9,0.0,31.0,3,10,1.0,2.0,1,2,4.0,1.0,1,0.0,0.0,0.0,3,8,False
24284,2852,Awvee Storey,2005-06,4,1610612764,WAS,29.0,Forward-Guard,25,1.0,116.0,16,41,3.0,7.0,8,14,8.0,14.0,4,3.0,1.0,5.0,22,43,False
24285,2852,Awvee Storey,2007-08,4,1610612749,MIL,31.0,Forward-Guard,26,0.0,259.0,39,89,0.0,7.0,14,29,31.0,23.0,16,7.0,1.0,10.0,41,92,False
24501,202377,Pape Sy,2010-11,2,1610612737,ATL,23.0,Forward-Guard,3,0.0,21.0,2,6,0.0,1.0,3,3,2.0,1.0,2,1.0,0.0,3.0,1,7,False
24551,1628369,Jayson Tatum,2017-18,4,1610612738,BOS,20.0,Forward-Guard,80,80.0,2443.0,397,835,105.0,242.0,213,258,50.0,352.0,128,83.0,58.0,114.0,170,1112,True
24552,1628369,Jayson Tatum,2018-19,4,1610612738,BOS,21.0,Forward-Guard,79,79.0,2455.0,466,1036,116.0,311.0,195,228,70.0,407.0,168,84.0,57.0,122.0,168,1243,True
24553,1628369,Jayson Tatum,2019-20,4,1610612738,BOS,22.0,Forward-Guard,66,66.0,2265.0,552,1226,189.0,469.0,254,313,64.0,396.0,200,93.0,57.0,155.0,136,1547,True
24554,1628369,Jayson Tatum,2020-21,4,1610612738,BOS,23.0,Forward-Guard,64,64.0,2290.0,605,1318,187.0,485.0,295,340,50.0,422.0,276,75.0,31.0,171.0,122,1692,True
24555,1628369,Jayson Tatum,2021-22,4,1610612738,BOS,24.0,Forward-Guard,76,76.0,2731.0,708,1564,230.0,651.0,400,469,85.0,524.0,334,75.0,49.0,217.0,174,2046,True
25645,202775,Edwin Ubiles,2011-12,1,1610612764,WAS,25.0,Forward-Guard,4,0.0,52.0,5,18,1.0,5.0,3,3,2.0,8.0,1,1.0,1.0,1.0,1,14,False
26508,1627395,Julian Washburn,2018-19,2,1610612763,MEM,27.0,Forward-Guard,18,3.0,254.0,16,48,5.0,24.0,3,4,8.0,33.0,14,13.0,2.0,7.0,16,40,False
26517,1540,Eric Washington,1997-98,3,1610612743,DEN,24.0,Forward-Guard,66,36.0,1539.0,201,498,44.0,137.0,65,83,47.0,80.0,78,53.0,25.0,72.0,143,511,False
26518,1540,Eric Washington,1998-99,3,1610612743,DEN,25.0,Forward-Guard,38,6.0,761.0,73,184,37.0,97.0,22,32,35.0,54.0,30,25.0,18.0,34.0,87,205,False
26712,101110,Martell Webster,2005-06,11,1610612757,POR,19.0,Forward-Guard,61,18.0,1070.0,139,348,65.0,182.0,61,71,29.0,101.0,34,21.0,14.0,43.0,90,404,False
26713,101110,Martell Webster,2006-07,11,1610612757,POR,20.0,Forward-Guard,82,27.0,1759.0,195,492,91.0,250.0,93,132,43.0,197.0,52,35.0,19.0,76.0,126,574,False
26714,101110,Martell Webster,2007-08,11,1610612757,POR,21.0,Forward-Guard,75,70.0,2132.0,277,656,123.0,317.0,122,166,54.0,242.0,90,42.0,28.0,83.0,159,799,False
26715,101110,Martell Webster,2008-09,11,1610612757,POR,22.0,Forward-Guard,1,0.0,5.0,0,1,0.0,1.0,0,0,0.0,0.0,0,0.0,0.0,0.0,0,0,False
26716,101110,Martell Webster,2009-10,11,1610612757,POR,23.0,Forward-Guard,82,49.0,2005.0,259,639,124.0,332.0,126,155,47.0,221.0,62,45.0,40.0,60.0,153,768,False
26717,101110,Martell Webster,2010-11,11,1610612750,MIN,24.0,Forward-Guard,46,1.0,1094.0,152,340,55.0,132.0,94,122,36.0,111.0,53,28.0,9.0,58.0,101,453,False
26718,101110,Martell Webster,2011-12,11,1610612750,MIN,25.0,Forward-Guard,47,26.0,1140.0,115,272,37.0,109.0,57,72,42.0,126.0,40,31.0,17.0,46.0,86,324,False
26719,101110,Martell Webster,2012-13,11,1610612764,WAS,26.0,Forward-Guard,76,62.0,2200.0,281,636,139.0,329.0,168,198,53.0,241.0,143,49.0,17.0,90.0,166,869,False
26720,101110,Martell Webster,2013-14,11,1610612764,WAS,27.0,Forward-Guard,78,13.0,2157.0,254,587,146.0,372.0,105,125,38.0,184.0,97,41.0,15.0,58.0,150,759,False
26721,101110,Martell Webster,2014-15,11,1610612764,WAS,28.0,Forward-Guard,32,0.0,352.0,24,91,10.0,43.0,48,64,10.0,36.0,17,7.0,1.0,22.0,24,106,False
27829,1005,Walt Williams,1992-93,12,1610612758,SAC,23.0,Forward-Guard,59,26.0,1673.0,358,823,61.0,191.0,224,302,115.0,150.0,178,66.0,29.0,179.0,209,1001,False
27830,1005,Walt Williams,1993-94,12,1610612758,SAC,24.0,Forward-Guard,57,4.0,1356.0,226,580,38.0,132.0,148,233,71.0,164.0,132,52.0,23.0,145.0,200,638,False
27831,1005,Walt Williams,1994-95,12,1610612758,SAC,25.0,Forward-Guard,77,77.0,2739.0,445,998,103.0,296.0,266,364,100.0,245.0,316,123.0,63.0,243.0,265,1259,False
27832,1005,Walt Williams,1995-96,12,1610612758,SAC,26.0,Forward-Guard,45,45.0,1381.0,235,540,58.0,170.0,130,172,62.0,145.0,165,53.0,42.0,103.0,151,658,False
27833,1005,Walt Williams,1995-96,12,1610612748,MIA,26.0,Forward-Guard,28,28.0,788.0,124,268,56.0,123.0,33,60,37.0,75.0,65,32.0,16.0,48.0,87,337,False
27834,1005,Walt Williams,1995-96,12,0,TOT,26.0,Forward-Guard,73,73.0,2169.0,359,808,114.0,293.0,163,232,99.0,220.0,230,85.0,58.0,151.0,238,995,False
27835,1005,Walt Williams,1996-97,12,1610612761,TOR,27.0,Forward-Guard,73,73.0,2649.0,419,982,175.0,437.0,186,243,103.0,264.0,197,97.0,62.0,174.0,282,1199,False
27836,1005,Walt Williams,1997-98,12,1610612761,TOR,28.0,Forward-Guard,28,16.0,876.0,125,319,49.0,129.0,49,60,27.0,91.0,69,40.0,23.0,52.0,100,348,False
27837,1005,Walt Williams,1997-98,12,1610612757,POR,28.0,Forward-Guard,31,1.0,594.0,85,225,31.0,90.0,59,65,23.0,59.0,53,19.0,12.0,40.0,61,260,False
27838,1005,Walt Williams,1997-98,12,0,TOT,28.0,Forward-Guard,59,17.0,1470.0,210,544,80.0,219.0,108,125,50.0,150.0,122,59.0,35.0,92.0,161,608,False
27839,1005,Walt Williams,1998-99,12,1610612757,POR,29.0,Forward-Guard,48,16.0,1044.0,147,347,63.0,144.0,89,107,36.0,107.0,80,37.0,28.0,63.0,101,446,False
27840,1005,Walt Williams,1999-00,12,1610612745,HOU,30.0,Forward-Guard,76,66.0,1859.0,312,681,102.0,261.0,101,123,69.0,237.0,157,49.0,44.0,113.0,190,827,False
27841,1005,Walt Williams,2000-01,12,1610612745,HOU,31.0,Forward-Guard,72,31.0,1583.0,202,513,98.0,248.0,97,126,31.0,214.0,97,30.0,28.0,73.0,153,599,False
27842,1005,Walt Williams,2001-02,12,1610612745,HOU,32.0,Forward-Guard,48,25.0,1119.0,166,396,78.0,183.0,40,51,37.0,125.0,69,18.0,10.0,53.0,106,450,False
27843,1005,Walt Williams,2002-03,12,1610612742,DAL,33.0,Forward-Guard,66,1.0,1162.0,134,341,64.0,171.0,31,50,53.0,154.0,59,42.0,26.0,35.0,141,363,False
28010,1626159,Justise Winslow,2015-16,6,1610612748,MIA,20.0,Forward-Guard,78,8.0,2232.0,195,462,32.0,116.0,80,117,81.0,322.0,118,68.0,26.0,95.0,184,502,True
28011,1626159,Justise Winslow,2016-17,6,1610612748,MIA,21.0,Forward-Guard,18,15.0,625.0,80,225,7.0,35.0,29,47,23.0,71.0,66,26.0,6.0,33.0,52,196,True
28012,1626159,Justise Winslow,2017-18,6,1610612748,MIA,22.0,Forward-Guard,68,25.0,1680.0,207,488,49.0,129.0,66,104,64.0,306.0,148,54.0,33.0,77.0,140,529,True
28013,1626159,Justise Winslow,2018-19,6,1610612748,MIA,23.0,Forward-Guard,66,52.0,1960.0,324,749,96.0,256.0,86,137,63.0,292.0,282,72.0,19.0,142.0,177,830,True
28014,1626159,Justise Winslow,2019-20,6,1610612748,MIA,24.0,Forward-Guard,11,5.0,352.0,50,129,6.0,27.0,18,27,16.0,57.0,44,7.0,5.0,24.0,38,124,True
28015,1626159,Justise Winslow,2020-21,6,1610612763,MEM,25.0,Forward-Guard,26,1.0,507.0,74,210,10.0,54.0,20,35,18.0,100.0,50,15.0,12.0,37.0,47,178,True
28016,1626159,Justise Winslow,2021-22,6,1610612746,LAC,26.0,Forward-Guard,37,1.0,480.0,63,141,5.0,29.0,25,41,30.0,103.0,52,21.0,18.0,37.0,46,156,True
28017,1626159,Justise Winslow,2021-22,6,1610612757,POR,26.0,Forward-Guard,11,10.0,295.0,47,116,10.0,37.0,14,25,20.0,49.0,32,14.0,7.0,12.0,21,118,True
28018,1626159,Justise Winslow,2021-22,6,0,TOT,26.0,Forward-Guard,48,11.0,775.0,110,257,15.0,66.0,39,66,50.0,152.0,84,35.0,25.0,49.0,67,274,True
28137,2417,Qyntel Woods,2002-03,4,1610612757,POR,22.0,Forward-Guard,53,0.0,335.0,59,118,3.0,9.0,7,20,15.0,38.0,12,15.0,1.0,23.0,36,128,False
28138,2417,Qyntel Woods,2003-04,4,1610612757,POR,23.0,Forward-Guard,62,8.0,671.0,88,237,10.0,29.0,38,60,46.0,90.0,46,20.0,14.0,52.0,88,224,False
28139,2417,Qyntel Woods,2004-05,4,1610612748,MIA,24.0,Forward-Guard,3,0.0,40.0,5,12,0.0,0.0,0,0,2.0,4.0,0,4.0,0.0,2.0,6,10,False
28140,2417,Qyntel Woods,2005-06,4,1610612752,NYK,25.0,Forward-Guard,49,16.0,1013.0,129,254,22.0,60.0,49,76,44.0,146.0,47,32.0,13.0,61.0,96,329,False
28227,101120,Antoine Wright,2005-06,6,1610612751,NJN,22.0,Forward-Guard,39,0.0,370.0,29,81,1.0,15.0,11,22,8.0,22.0,12,4.0,3.0,21.0,42,70,False
28228,101120,Antoine Wright,2006-07,6,1610612751,NJN,23.0,Forward-Guard,63,23.0,1137.0,110,251,19.0,59.0,44,73,38.0,137.0,55,30.0,10.0,43.0,120,283,False
28229,101120,Antoine Wright,2007-08,6,1610612751,NJN,24.0,Forward-Guard,41,10.0,1056.0,115,287,27.0,101.0,41,58,35.0,90.0,67,26.0,17.0,39.0,105,298,False
28230,101120,Antoine Wright,2007-08,6,1610612742,DAL,24.0,Forward-Guard,15,0.0,176.0,21,42,5.0,9.0,5,9,5.0,17.0,13,2.0,4.0,11.0,22,52,False
28231,101120,Antoine Wright,2007-08,6,0,TOT,24.0,Forward-Guard,56,10.0,1231.0,136,329,32.0,110.0,46,67,40.0,107.0,80,28.0,21.0,50.0,127,350,False
28232,101120,Antoine Wright,2008-09,6,1610612742,DAL,25.0,Forward-Guard,65,53.0,1552.0,179,431,45.0,149.0,71,95,31.0,105.0,77,46.0,27.0,54.0,172,474,False
28233,101120,Antoine Wright,2009-10,6,1610612761,TOR,26.0,Forward-Guard,67,10.0,1392.0,162,399,58.0,173.0,53,77,38.0,152.0,71,30.0,11.0,58.0,134,435,False
28234,101120,Antoine Wright,2010-11,6,1610612758,SAC,27.0,Forward-Guard,7,0.0,31.0,1,8,0.0,4.0,0,0,2.0,1.0,0,1.0,0.0,1.0,3,2,False
28270,2748,Dorell Wright,2004-05,12,1610612748,MIA,19.0,Forward-Guard,3,0.0,27.0,3,11,0.0,4.0,1,1,0.0,1.0,3,4.0,0.0,3.0,2,7,False
28271,2748,Dorell Wright,2005-06,12,1610612748,MIA,20.0,Forward-Guard,20,2.0,132.0,20,43,3.0,6.0,15,17,2.0,30.0,8,3.0,1.0,14.0,12,58,False
28272,2748,Dorell Wright,2006-07,12,1610612748,MIA,21.0,Forward-Guard,66,19.0,1292.0,162,364,5.0,34.0,64,86,40.0,232.0,95,41.0,46.0,65.0,112,393,False
28273,2748,Dorell Wright,2007-08,12,1610612748,MIA,22.0,Forward-Guard,44,34.0,1104.0,143,293,4.0,11.0,57,69,48.0,172.0,60,29.0,41.0,29.0,79,347,False
28274,2748,Dorell Wright,2008-09,12,1610612748,MIA,23.0,Forward-Guard,6,0.0,73.0,8,20,0.0,0.0,2,6,2.0,18.0,2,2.0,0.0,6.0,8,18,False
28275,2748,Dorell Wright,2009-10,12,1610612748,MIA,24.0,Forward-Guard,72,1.0,1496.0,194,419,61.0,157.0,61,69,50.0,185.0,91,52.0,32.0,53.0,94,510,False
28276,2748,Dorell Wright,2010-11,12,1610612744,GSW,25.0,Forward-Guard,82,82.0,3147.0,485,1146,194.0,516.0,180,228,88.0,343.0,242,124.0,63.0,133.0,171,1344,False
28277,2748,Dorell Wright,2011-12,12,1610612744,GSW,26.0,Forward-Guard,61,61.0,1650.0,222,526,105.0,292.0,80,98,60.0,218.0,94,58.0,26.0,51.0,97,629,False
28278,2748,Dorell Wright,2012-13,12,1610612755,PHI,27.0,Forward-Guard,79,8.0,1783.0,237,599,135.0,361.0,120,141,42.0,260.0,150,62.0,35.0,64.0,98,729,False
28279,2748,Dorell Wright,2013-14,12,1610612757,POR,28.0,Forward-Guard,68,13.0,984.0,111,297,69.0,202.0,52,69,29.0,162.0,64,23.0,16.0,39.0,62,343,False
28280,2748,Dorell Wright,2014-15,12,1610612757,POR,29.0,Forward-Guard,48,2.0,593.0,72,190,41.0,108.0,34,42,14.0,97.0,41,20.0,11.0,18.0,55,219,False
28396,201970,Sam Young,2009-10,5,1610612763,MEM,25.0,Forward-Guard,80,1.0,1321.0,224,497,11.0,56.0,136,175,77.0,124.0,52,34.0,20.0,94.0,106,595,False
28397,201970,Sam Young,2010-11,5,1610612763,MEM,26.0,Forward-Guard,78,46.0,1577.0,233,494,17.0,50.0,89,116,40.0,147.0,71,68.0,23.0,61.0,120,572,False
28398,201970,Sam Young,2011-12,5,1610612763,MEM,27.0,Forward-Guard,21,2.0,240.0,32,83,0.0,9.0,10,12,14.0,27.0,9,11.0,2.0,9.0,12,74,False
28399,201970,Sam Young,2011-12,5,1610612755,PHI,27.0,Forward-Guard,14,0.0,135.0,13,44,5.0,8.0,9,14,6.0,15.0,6,6.0,4.0,7.0,11,40,False
28400,201970,Sam Young,2011-12,5,0,TOT,27.0,Forward-Guard,35,2.0,375.0,45,127,5.0,17.0,19,26,20.0,42.0,15,17.0,6.0,16.0,23,114,False
28401,201970,Sam Young,2012-13,5,1610612754,IND,28.0,Forward-Guard,56,3.0,693.0,58,148,16.0,52.0,23,43,26.0,97.0,42,15.0,8.0,33.0,62,155,False
